"BE","MRDCL Tables"
"JH","PROJECT WALL E"
"JF"," "
"TB","1"
"VT","Q64. BRAND ASSOCIATION - KEY BRANDS - BDO Mobile/Online"
"HT","TOTAL"
"BT","AMONG BRAND AWARE - BDO Mobile/Online"
"CL",,"TOTAL (a)","JAN 2024 (b)","FEB 2024 (c)"
"RT","Total",148,76,72
"PV",,100.0000%,100.0000%,100.0000%
"BL"
"RW","Creates new and continuously innovate its products and services",32,18,14
"PV",,21.6216%,23.6842%,19.4444%
"MK",," "," "," "
"BL"
"RW","Brand for everyone (young or old, rich or poor)",25,15,10
"PV",,16.8919%,19.7368%,13.8889%
"MK",," "," "," "
"BL"
"RW","Brand that is safe and secure",38,18,20
"PV",,25.6757%,23.6842%,27.7778%
"MK",," "," "," "
"BL"
"RW","Provides relevant digital products and services",33,19,14
"PV",,22.2973%,25.0000%,19.4444%
"MK",," "," "," "
"BL"
"RW","Can be used whenever needed (any time and any day)",27,14,13
"PV",,18.2432%,18.4211%,18.0556%
"MK",," "," "," "
"BL"
"RW","Makes everyday life easier",25,13,12
"PV",,16.8919%,17.1053%,16.6667%
"MK",," "," "," "
"BL"
"RW","Brand for me",28,10,18
"PV",,18.9189%,13.1579%,25.0000%
"MK",," "," "," "
"BL"
"RW","Brand who genuinely cares about its customers",37,15,22
"PV",,25.0000%,19.7368%,30.5556%
"MK",," "," "," "
"BL"
"RW","Has malasakit/concern for the community",36,16,20
"PV",,24.3243%,21.0526%,27.7778%
"MK",," "," "," "
"BL"
"RW","Has reliable customer service when needed",38,18,20
"PV",,25.6757%,23.6842%,27.7778%
"MK",," "," "," "
"BL"
"RW","Gives me perks, rewards, and privileges that are relevant to me",26,10,16
"PV",,17.5676%,13.1579%,22.2222%
"MK",," "," "," "
"BL"
"RW","Opens up opportunities to progress more in life",38,17,21
"PV",,25.6757%,22.3684%,29.1667%
"MK",," "," "," "
"BL"
"RW","Can be used anywhere (widely accepted, online and in-store)",26,12,14
"PV",,17.5676%,15.7895%,19.4444%
"MK",," "," "," "
"BL"
"RW","Has low to no transaction fees",29,15,14
"PV",,19.5946%,19.7368%,19.4444%
"MK",," "," "," "
"BL"
"RW","Has features that can help me assure my future by growing my finances",39,17,22
"PV",,26.3514%,22.3684%,30.5556%
"MK",," "," "," "
"BL"
"RW","Complete and all-in one financial app/solution/website",32,15,17
"PV",,21.6216%,19.7368%,23.6111%
"MK",," "," "," "
"BL"
"RW","Widely and highly recommended e-wallet brand",27,12,15
"PV",,18.2432%,15.7895%,20.8333%
"MK",," "," "," "
"BL"
"RW","Has advertisements I can relate to",25,10,15
"PV",,16.8919%,13.1579%,20.8333%
"MK",," "," "," "
"BL"
"RW","Brand that is trustworthy",38,20,18
"PV",,25.6757%,26.3158%,25.0000%
"MK",," "," "," "
"BL"
"RW","Products and services are easy to avail of and use",25,13,12
"PV",,16.8919%,17.1053%,16.6667%
"MK",," "," "," "
"BL"
"RW","Does not take advantage of my personal and transaction data",32,15,17
"PV",,21.6216%,19.7368%,23.6111%
"MK",," "," "," "
"BL"
"RW","Brand that helps customers to develop their financial skills and understanding",31,14,17
"PV",,20.9459%,18.4211%,23.6111%
"MK",," "," "," "
"BL"
"RW","Brand I can depend on for emergency or additional funds",28,11,17
"PV",,18.9189%,14.4737%,23.6111%
"MK",," "," "," "
"BL"
"RW","Helps me get ready for a better tomorrow",40,17,23
"PV",,27.0270%,22.3684%,31.9444%
"MK",," "," "," "
"BL"
"RW","Gives me hope for the future",35,17,18
"PV",,23.6486%,22.3684%,25.0000%
"MK",," "," "," "
"BL"
"RW","Not Associated",73,40,33
"PV",,49.3243%,52.6316%,45.8333%
"MK",," "," "," "
"BL"
"RW","Total Count",863,411,452
"PV",,583.1081%,540.7895%,627.7778%
"MK",," "," "," "
"TE"
"TB","2"
"VT","Q64. BRAND ASSOCIATION - KEY BRANDS - BPI Mobile/Online"
"HT","TOTAL"
"BT","AMONG BRAND AWARE - BPI Mobile/Online"
"CL",,"TOTAL (a)","JAN 2024 (b)","FEB 2024 (c)"
"RT","Total",104,56,48
"PV",,100.0000%,100.0000%,100.0000%
"BL"
"RW","Creates new and continuously innovate its products and services",21,12,9
"PV",,20.1923%,21.4286%,18.7500%
"MK",," "," "," "
"BL"
"RW","Brand for everyone (young or old, rich or poor)",14,9,5
"PV",,13.4615%,16.0714%,10.4167%
"MK",," "," "," "
"BL"
"RW","Brand that is safe and secure",28,14,14
"PV",,26.9231%,25.0000%,29.1667%
"MK",," "," "," "
"BL"
"RW","Provides relevant digital products and services",23,13,10
"PV",,22.1154%,23.2143%,20.8333%
"MK",," "," "," "
"BL"
"RW","Can be used whenever needed (any time and any day)",17,11,6
"PV",,16.3462%,19.6429%,12.5000%
"MK",," "," "," "
"BL"
"RW","Makes everyday life easier",14,11,3
"PV",,13.4615%,19.6429%,6.2500%
"MK",," "," C"," "
"BL"
"RW","Brand for me",17,9,8
"PV",,16.3462%,16.0714%,16.6667%
"MK",," "," "," "
"BL"
"RW","Brand who genuinely cares about its customers",19,9,10
"PV",,18.2692%,16.0714%,20.8333%
"MK",," "," "," "
"BL"
"RW","Has malasakit/concern for the community",19,8,11
"PV",,18.2692%,14.2857%,22.9167%
"MK",," "," "," "
"BL"
"RW","Has reliable customer service when needed",23,10,13
"PV",,22.1154%,17.8571%,27.0833%
"MK",," "," "," "
"BL"
"RW","Gives me perks, rewards, and privileges that are relevant to me",13,8,5
"PV",,12.5000%,14.2857%,10.4167%
"MK",," "," "," "
"BL"
"RW","Opens up opportunities to progress more in life",24,12,12
"PV",,23.0769%,21.4286%,25.0000%
"MK",," "," "," "
"BL"
"RW","Can be used anywhere (widely accepted, online and in-store)",17,10,7
"PV",,16.3462%,17.8571%,14.5833%
"MK",," "," "," "
"BL"
"RW","Has low to no transaction fees",17,10,7
"PV",,16.3462%,17.8571%,14.5833%
"MK",," "," "," "
"BL"
"RW","Has features that can help me assure my future by growing my finances",20,10,10
"PV",,19.2308%,17.8571%,20.8333%
"MK",," "," "," "
"BL"
"RW","Complete and all-in one financial app/solution/website",24,10,14
"PV",,23.0769%,17.8571%,29.1667%
"MK",," "," "," "
"BL"
"RW","Widely and highly recommended e-wallet brand",21,12,9
"PV",,20.1923%,21.4286%,18.7500%
"MK",," "," "," "
"BL"
"RW","Has advertisements I can relate to",14,8,6
"PV",,13.4615%,14.2857%,12.5000%
"MK",," "," "," "
"BL"
"RW","Brand that is trustworthy",22,13,9
"PV",,21.1538%,23.2143%,18.7500%
"MK",," "," "," "
"BL"
"RW","Products and services are easy to avail of and use",17,14,3
"PV",,16.3462%,25.0000%,6.2500%
"MK",," "," C"," "
"BL"
"RW","Does not take advantage of my personal and transaction data",21,12,9
"PV",,20.1923%,21.4286%,18.7500%
"MK",," "," "," "
"BL"
"RW","Brand that helps customers to develop their financial skills and understanding",23,12,11
"PV",,22.1154%,21.4286%,22.9167%
"MK",," "," "," "
"BL"
"RW","Brand I can depend on for emergency or additional funds",22,13,9
"PV",,21.1538%,23.2143%,18.7500%
"MK",," "," "," "
"BL"
"RW","Helps me get ready for a better tomorrow",23,10,13
"PV",,22.1154%,17.8571%,27.0833%
"MK",," "," "," "
"BL"
"RW","Gives me hope for the future",24,11,13
"PV",,23.0769%,19.6429%,27.0833%
"MK",," "," "," "
"BL"
"RW","Not Associated",54,34,20
"PV",,51.9231%,60.7143%,41.6667%
"MK",," "," "," "
"BL"
"RW","Total Count",551,305,246
"PV",,529.8077%,544.6429%,512.5000%
"MK",," "," "," "
"TE"
"TB","3"
"VT","Q64. BRAND ASSOCIATION - KEY BRANDS - CLIQQ"
"HT","TOTAL"
"BT","AMONG BRAND AWARE - CLIQQ"
"CL",,"TOTAL (a)","JAN 2024 (b)","FEB 2024 (c)"
"RT","Total",78,35,43
"PV",,100.0000%,100.0000%,100.0000%
"BL"
"RW","Creates new and continuously innovate its products and services",10,6,4
"PV",,12.8205%,17.1429%,9.3023%
"MK",," "," "," "
"BL"
"RW","Brand for everyone (young or old, rich or poor)",11,4,7
"PV",,14.1026%,11.4286%,16.2791%
"MK",," "," "," "
"BL"
"RW","Brand that is safe and secure",8,5,3
"PV",,10.2564%,14.2857%,6.9767%
"MK",," "," "," "
"BL"
"RW","Provides relevant digital products and services",7,4,3
"PV",,8.9744%,11.4286%,6.9767%
"MK",," "," "," "
"BL"
"RW","Can be used whenever needed (any time and any day)",7,3,4
"PV",,8.9744%,8.5714%,9.3023%
"MK",," "," "," "
"BL"
"RW","Makes everyday life easier",14,8,6
"PV",,17.9487%,22.8571%,13.9535%
"MK",," "," "," "
"BL"
"RW","Brand for me",9,5,4
"PV",,11.5385%,14.2857%,9.3023%
"MK",," "," "," "
"BL"
"RW","Brand who genuinely cares about its customers",8,2,6
"PV",,10.2564%,5.7143%,13.9535%
"MK",," "," "," "
"BL"
"RW","Has malasakit/concern for the community",9,6,3
"PV",,11.5385%,17.1429%,6.9767%
"MK",," "," "," "
"BL"
"RW","Has reliable customer service when needed",8,5,3
"PV",,10.2564%,14.2857%,6.9767%
"MK",," "," "," "
"BL"
"RW","Gives me perks, rewards, and privileges that are relevant to me",9,4,5
"PV",,11.5385%,11.4286%,11.6279%
"MK",," "," "," "
"BL"
"RW","Opens up opportunities to progress more in life",10,7,3
"PV",,12.8205%,20.0000%,6.9767%
"MK",," "," "," "
"BL"
"RW","Can be used anywhere (widely accepted, online and in-store)",12,6,6
"PV",,15.3846%,17.1429%,13.9535%
"MK",," "," "," "
"BL"
"RW","Has low to no transaction fees",5,2,3
"PV",,6.4103%,5.7143%,6.9767%
"MK",," "," "," "
"BL"
"RW","Has features that can help me assure my future by growing my finances",11,6,5
"PV",,14.1026%,17.1429%,11.6279%
"MK",," "," "," "
"BL"
"RW","Complete and all-in one financial app/solution/website",6,3,3
"PV",,7.6923%,8.5714%,6.9767%
"MK",," "," "," "
"BL"
"RW","Widely and highly recommended e-wallet brand",7,3,4
"PV",,8.9744%,8.5714%,9.3023%
"MK",," "," "," "
"BL"
"RW","Has advertisements I can relate to",10,5,5
"PV",,12.8205%,14.2857%,11.6279%
"MK",," "," "," "
"BL"
"RW","Brand that is trustworthy",11,6,5
"PV",,14.1026%,17.1429%,11.6279%
"MK",," "," "," "
"BL"
"RW","Products and services are easy to avail of and use",8,5,3
"PV",,10.2564%,14.2857%,6.9767%
"MK",," "," "," "
"BL"
"RW","Does not take advantage of my personal and transaction data",10,7,3
"PV",,12.8205%,20.0000%,6.9767%
"MK",," "," "," "
"BL"
"RW","Brand that helps customers to develop their financial skills and understanding",12,6,6
"PV",,15.3846%,17.1429%,13.9535%
"MK",," "," "," "
"BL"
"RW","Brand I can depend on for emergency or additional funds",8,5,3
"PV",,10.2564%,14.2857%,6.9767%
"MK",," "," "," "
"BL"
"RW","Helps me get ready for a better tomorrow",7,3,4
"PV",,8.9744%,8.5714%,9.3023%
"MK",," "," "," "
"BL"
"RW","Gives me hope for the future",5,3,2
"PV",,6.4103%,8.5714%,4.6512%
"MK",," "," "," "
"BL"
"RW","Not Associated",49,20,29
"PV",,62.8205%,57.1429%,67.4419%
"MK",," "," "," "
"BL"
"RW","Total Count",271,139,132
"PV",,347.4359%,397.1429%,306.9767%
"MK",," "," "," "
"TE"
"TB","4"
"VT","Q64. BRAND ASSOCIATION - KEY BRANDS - Coins.ph"
"HT","TOTAL"
"BT","AMONG BRAND AWARE - Coins.ph"
"CL",,"TOTAL (a)","JAN 2024 (b)","FEB 2024 (c)"
"RT","Total",77,35,42
"PV",,100.0000%,100.0000%,100.0000%
"BL"
"RW","Creates new and continuously innovate its products and services",1,0,1
"PV",,1.2987%,0.0000%,2.3810%
"MK",," "," "," "
"BL"
"RW","Brand for everyone (young or old, rich or poor)",1,0,1
"PV",,1.2987%,0.0000%,2.3810%
"MK",," "," "," "
"BL"
"RW","Brand that is safe and secure",2,0,2
"PV",,2.5974%,0.0000%,4.7619%
"MK",," "," "," "
"BL"
"RW","Provides relevant digital products and services",1,0,1
"PV",,1.2987%,0.0000%,2.3810%
"MK",," "," "," "
"BL"
"RW","Can be used whenever needed (any time and any day)",2,0,2
"PV",,2.5974%,0.0000%,4.7619%
"MK",," "," "," "
"BL"
"RW","Makes everyday life easier",2,0,2
"PV",,2.5974%,0.0000%,4.7619%
"MK",," "," "," "
"BL"
"RW","Brand for me",2,0,2
"PV",,2.5974%,0.0000%,4.7619%
"MK",," "," "," "
"BL"
"RW","Brand who genuinely cares about its customers",3,1,2
"PV",,3.8961%,2.8571%,4.7619%
"MK",," "," "," "
"BL"
"RW","Has malasakit/concern for the community",2,1,1
"PV",,2.5974%,2.8571%,2.3810%
"MK",," "," "," "
"BL"
"RW","Has reliable customer service when needed",2,1,1
"PV",,2.5974%,2.8571%,2.3810%
"MK",," "," "," "
"BL"
"RW","Gives me perks, rewards, and privileges that are relevant to me",2,1,1
"PV",,2.5974%,2.8571%,2.3810%
"MK",," "," "," "
"BL"
"RW","Opens up opportunities to progress more in life",2,1,1
"PV",,2.5974%,2.8571%,2.3810%
"MK",," "," "," "
"BL"
"RW","Can be used anywhere (widely accepted, online and in-store)",1,0,1
"PV",,1.2987%,0.0000%,2.3810%
"MK",," "," "," "
"BL"
"RW","Has low to no transaction fees",2,0,2
"PV",,2.5974%,0.0000%,4.7619%
"MK",," "," "," "
"BL"
"RW","Has features that can help me assure my future by growing my finances",3,1,2
"PV",,3.8961%,2.8571%,4.7619%
"MK",," "," "," "
"BL"
"RW","Complete and all-in one financial app/solution/website",3,2,1
"PV",,3.8961%,5.7143%,2.3810%
"MK",," "," "," "
"BL"
"RW","Widely and highly recommended e-wallet brand",3,1,2
"PV",,3.8961%,2.8571%,4.7619%
"MK",," "," "," "
"BL"
"RW","Has advertisements I can relate to",1,0,1
"PV",,1.2987%,0.0000%,2.3810%
"MK",," "," "," "
"BL"
"RW","Brand that is trustworthy",3,1,2
"PV",,3.8961%,2.8571%,4.7619%
"MK",," "," "," "
"BL"
"RW","Products and services are easy to avail of and use",2,0,2
"PV",,2.5974%,0.0000%,4.7619%
"MK",," "," "," "
"BL"
"RW","Does not take advantage of my personal and transaction data",1,0,1
"PV",,1.2987%,0.0000%,2.3810%
"MK",," "," "," "
"BL"
"RW","Brand that helps customers to develop their financial skills and understanding",2,1,1
"PV",,2.5974%,2.8571%,2.3810%
"MK",," "," "," "
"BL"
"RW","Brand I can depend on for emergency or additional funds",4,2,2
"PV",,5.1948%,5.7143%,4.7619%
"MK",," "," "," "
"BL"
"RW","Helps me get ready for a better tomorrow",2,1,1
"PV",,2.5974%,2.8571%,2.3810%
"MK",," "," "," "
"BL"
"RW","Gives me hope for the future",2,1,1
"PV",,2.5974%,2.8571%,2.3810%
"MK",," "," "," "
"BL"
"RW","Not Associated",67,28,39
"PV",,87.0130%,80.0000%,92.8571%
"MK",," "," "," "
"BL"
"RW","Total Count",118,43,75
"PV",,153.2468%,122.8571%,178.5714%
"MK",," "," "," "
"TE"
"TB","5"
"VT","Q64. BRAND ASSOCIATION - KEY BRANDS - GCash"
"HT","TOTAL"
"BT","AMONG BRAND AWARE - GCash"
"CL",,"TOTAL (a)","JAN 2024 (b)","FEB 2024 (c)"
"RT","Total",1191,600,591
"PV",,100.0000%,100.0000%,100.0000%
"BL"
"RW","Creates new and continuously innovate its products and services",888,427,461
"PV",,74.5592%,71.1667%,78.0034%
"MK",," "," "," B"
"BL"
"RW","Brand for everyone (young or old, rich or poor)",964,483,481
"PV",,80.9404%,80.5000%,81.3875%
"MK",," "," "," "
"BL"
"RW","Brand that is safe and secure",896,451,445
"PV",,75.2309%,75.1667%,75.2961%
"MK",," "," "," "
"BL"
"RW","Provides relevant digital products and services",921,459,462
"PV",,77.3300%,76.5000%,78.1726%
"MK",," "," "," "
"BL"
"RW","Can be used whenever needed (any time and any day)",998,499,499
"PV",,83.7951%,83.1667%,84.4332%
"MK",," "," "," "
"BL"
"RW","Makes everyday life easier",939,472,467
"PV",,78.8413%,78.6667%,79.0186%
"MK",," "," "," "
"BL"
"RW","Brand for me",948,463,485
"PV",,79.5970%,77.1667%,82.0643%
"MK",," "," "," B"
"BL"
"RW","Brand who genuinely cares about its customers",903,450,453
"PV",,75.8186%,75.0000%,76.6497%
"MK",," "," "," "
"BL"
"RW","Has malasakit/concern for the community",847,410,437
"PV",,71.1167%,68.3333%,73.9425%
"MK",," "," "," B"
"BL"
"RW","Has reliable customer service when needed",912,454,458
"PV",,76.5743%,75.6667%,77.4958%
"MK",," "," "," "
"BL"
"RW","Gives me perks, rewards, and privileges that are relevant to me",802,381,421
"PV",,67.3384%,63.5000%,71.2352%
"MK",," "," "," B"
"BL"
"RW","Opens up opportunities to progress more in life",866,422,444
"PV",,72.7120%,70.3333%,75.1269%
"MK",," "," "," "
"BL"
"RW","Can be used anywhere (widely accepted, online and in-store)",989,495,494
"PV",,83.0395%,82.5000%,83.5871%
"MK",," "," "," "
"BL"
"RW","Has low to no transaction fees",853,425,428
"PV",,71.6205%,70.8333%,72.4196%
"MK",," "," "," "
"BL"
"RW","Has features that can help me assure my future by growing my finances",849,414,435
"PV",,71.2846%,69.0000%,73.6041%
"MK",," "," "," "
"BL"
"RW","Complete and all-in one financial app/solution/website",904,443,461
"PV",,75.9026%,73.8333%,78.0034%
"MK",," "," "," "
"BL"
"RW","Widely and highly recommended e-wallet brand",971,488,483
"PV",,81.5281%,81.3333%,81.7259%
"MK",," "," "," "
"BL"
"RW","Has advertisements I can relate to",863,419,444
"PV",,72.4601%,69.8333%,75.1269%
"MK",," "," "," B"
"BL"
"RW","Brand that is trustworthy",932,470,462
"PV",,78.2536%,78.3333%,78.1726%
"MK",," "," "," "
"BL"
"RW","Products and services are easy to avail of and use",968,481,487
"PV",,81.2762%,80.1667%,82.4027%
"MK",," "," "," "
"BL"
"RW","Does not take advantage of my personal and transaction data",887,442,445
"PV",,74.4752%,73.6667%,75.2961%
"MK",," "," "," "
"BL"
"RW","Brand that helps customers to develop their financial skills and understanding",894,446,448
"PV",,75.0630%,74.3333%,75.8037%
"MK",," "," "," "
"BL"
"RW","Brand I can depend on for emergency or additional funds",934,463,471
"PV",,78.4215%,77.1667%,79.6954%
"MK",," "," "," "
"BL"
"RW","Helps me get ready for a better tomorrow",852,419,433
"PV",,71.5365%,69.8333%,73.2657%
"MK",," "," "," "
"BL"
"RW","Gives me hope for the future",854,425,429
"PV",,71.7045%,70.8333%,72.5888%
"MK",," "," "," "
"BL"
"RW","Not Associated",73,38,35
"PV",,6.1293%,6.3333%,5.9222%
"MK",," "," "," "
"BL"
"RW","Total Count",22707,11239,11468
"PV",,1906.5491%,1873.1667%,1940.4399%
"MK",," "," "," "
"TE"
"TB","6"
"VT","Q64. BRAND ASSOCIATION - KEY BRANDS - GrabPay"
"HT","TOTAL"
"BT","AMONG BRAND AWARE - GrabPay"
"CL",,"TOTAL (a)","JAN 2024 (b)","FEB 2024 (c)"
"RT","Total",67,32,35
"PV",,100.0000%,100.0000%,100.0000%
"BL"
"RW","Creates new and continuously innovate its products and services",4,2,2
"PV",,5.9701%,6.2500%,5.7143%
"MK",," "," "," "
"BL"
"RW","Brand for everyone (young or old, rich or poor)",4,2,2
"PV",,5.9701%,6.2500%,5.7143%
"MK",," "," "," "
"BL"
"RW","Brand that is safe and secure",7,3,4
"PV",,10.4478%,9.3750%,11.4286%
"MK",," "," "," "
"BL"
"RW","Provides relevant digital products and services",6,2,4
"PV",,8.9552%,6.2500%,11.4286%
"MK",," "," "," "
"BL"
"RW","Can be used whenever needed (any time and any day)",6,2,4
"PV",,8.9552%,6.2500%,11.4286%
"MK",," "," "," "
"BL"
"RW","Makes everyday life easier",6,3,3
"PV",,8.9552%,9.3750%,8.5714%
"MK",," "," "," "
"BL"
"RW","Brand for me",6,2,4
"PV",,8.9552%,6.2500%,11.4286%
"MK",," "," "," "
"BL"
"RW","Brand who genuinely cares about its customers",9,4,5
"PV",,13.4328%,12.5000%,14.2857%
"MK",," "," "," "
"BL"
"RW","Has malasakit/concern for the community",5,2,3
"PV",,7.4627%,6.2500%,8.5714%
"MK",," "," "," "
"BL"
"RW","Has reliable customer service when needed",6,1,5
"PV",,8.9552%,3.1250%,14.2857%
"MK",," "," "," "
"BL"
"RW","Gives me perks, rewards, and privileges that are relevant to me",6,3,3
"PV",,8.9552%,9.3750%,8.5714%
"MK",," "," "," "
"BL"
"RW","Opens up opportunities to progress more in life",5,1,4
"PV",,7.4627%,3.1250%,11.4286%
"MK",," "," "," "
"BL"
"RW","Can be used anywhere (widely accepted, online and in-store)",6,3,3
"PV",,8.9552%,9.3750%,8.5714%
"MK",," "," "," "
"BL"
"RW","Has low to no transaction fees",6,4,2
"PV",,8.9552%,12.5000%,5.7143%
"MK",," "," "," "
"BL"
"RW","Has features that can help me assure my future by growing my finances",4,2,2
"PV",,5.9701%,6.2500%,5.7143%
"MK",," "," "," "
"BL"
"RW","Complete and all-in one financial app/solution/website",5,3,2
"PV",,7.4627%,9.3750%,5.7143%
"MK",," "," "," "
"BL"
"RW","Widely and highly recommended e-wallet brand",6,2,4
"PV",,8.9552%,6.2500%,11.4286%
"MK",," "," "," "
"BL"
"RW","Has advertisements I can relate to",7,3,4
"PV",,10.4478%,9.3750%,11.4286%
"MK",," "," "," "
"BL"
"RW","Brand that is trustworthy",5,1,4
"PV",,7.4627%,3.1250%,11.4286%
"MK",," "," "," "
"BL"
"RW","Products and services are easy to avail of and use",6,1,5
"PV",,8.9552%,3.1250%,14.2857%
"MK",," "," "," "
"BL"
"RW","Does not take advantage of my personal and transaction data",7,2,5
"PV",,10.4478%,6.2500%,14.2857%
"MK",," "," "," "
"BL"
"RW","Brand that helps customers to develop their financial skills and understanding",2,0,2
"PV",,2.9851%,0.0000%,5.7143%
"MK",," "," "," "
"BL"
"RW","Brand I can depend on for emergency or additional funds",4,1,3
"PV",,5.9701%,3.1250%,8.5714%
"MK",," "," "," "
"BL"
"RW","Helps me get ready for a better tomorrow",4,1,3
"PV",,5.9701%,3.1250%,8.5714%
"MK",," "," "," "
"BL"
"RW","Gives me hope for the future",4,1,3
"PV",,5.9701%,3.1250%,8.5714%
"MK",," "," "," "
"BL"
"RW","Not Associated",48,23,25
"PV",,71.6418%,71.8750%,71.4286%
"MK",," "," "," "
"BL"
"RW","Total Count",184,74,110
"PV",,274.6269%,231.2500%,314.2857%
"MK",," "," "," "
"TE"
"TB","7"
"VT","Q64. BRAND ASSOCIATION - KEY BRANDS - PayMaya/Maya"
"HT","TOTAL"
"BT","AMONG BRAND AWARE - PayMaya/Maya"
"CL",,"TOTAL (a)","JAN 2024 (b)","FEB 2024 (c)"
"RT","Total",812,403,409
"PV",,100.0000%,100.0000%,100.0000%
"BL"
"RW","Creates new and continuously innovate its products and services",108,56,52
"PV",,13.3005%,13.8958%,12.7139%
"MK",," "," "," "
"BL"
"RW","Brand for everyone (young or old, rich or poor)",132,66,66
"PV",,16.2562%,16.3772%,16.1369%
"MK",," "," "," "
"BL"
"RW","Brand that is safe and secure",124,59,65
"PV",,15.2709%,14.6402%,15.8924%
"MK",," "," "," "
"BL"
"RW","Provides relevant digital products and services",117,62,55
"PV",,14.4089%,15.3846%,13.4474%
"MK",," "," "," "
"BL"
"RW","Can be used whenever needed (any time and any day)",118,63,55
"PV",,14.5320%,15.6328%,13.4474%
"MK",," "," "," "
"BL"
"RW","Makes everyday life easier",100,52,48
"PV",,12.3153%,12.9032%,11.7359%
"MK",," "," "," "
"BL"
"RW","Brand for me",108,51,57
"PV",,13.3005%,12.6551%,13.9364%
"MK",," "," "," "
"BL"
"RW","Brand who genuinely cares about its customers",114,63,51
"PV",,14.0394%,15.6328%,12.4694%
"MK",," "," "," "
"BL"
"RW","Has malasakit/concern for the community",110,63,47
"PV",,13.5468%,15.6328%,11.4914%
"MK",," "," "," "
"BL"
"RW","Has reliable customer service when needed",108,61,47
"PV",,13.3005%,15.1365%,11.4914%
"MK",," "," "," "
"BL"
"RW","Gives me perks, rewards, and privileges that are relevant to me",113,56,57
"PV",,13.9163%,13.8958%,13.9364%
"MK",," "," "," "
"BL"
"RW","Opens up opportunities to progress more in life",119,63,56
"PV",,14.6552%,15.6328%,13.6919%
"MK",," "," "," "
"BL"
"RW","Can be used anywhere (widely accepted, online and in-store)",134,75,59
"PV",,16.5025%,18.6104%,14.4254%
"MK",," "," "," "
"BL"
"RW","Has low to no transaction fees",108,50,58
"PV",,13.3005%,12.4069%,14.1809%
"MK",," "," "," "
"BL"
"RW","Has features that can help me assure my future by growing my finances",111,51,60
"PV",,13.6700%,12.6551%,14.6699%
"MK",," "," "," "
"BL"
"RW","Complete and all-in one financial app/solution/website",132,68,64
"PV",,16.2562%,16.8734%,15.6479%
"MK",," "," "," "
"BL"
"RW","Widely and highly recommended e-wallet brand",115,62,53
"PV",,14.1626%,15.3846%,12.9584%
"MK",," "," "," "
"BL"
"RW","Has advertisements I can relate to",120,57,63
"PV",,14.7783%,14.1439%,15.4034%
"MK",," "," "," "
"BL"
"RW","Brand that is trustworthy",117,61,56
"PV",,14.4089%,15.1365%,13.6919%
"MK",," "," "," "
"BL"
"RW","Products and services are easy to avail of and use",114,62,52
"PV",,14.0394%,15.3846%,12.7139%
"MK",," "," "," "
"BL"
"RW","Does not take advantage of my personal and transaction data",106,56,50
"PV",,13.0542%,13.8958%,12.2249%
"MK",," "," "," "
"BL"
"RW","Brand that helps customers to develop their financial skills and understanding",125,67,58
"PV",,15.3941%,16.6253%,14.1809%
"MK",," "," "," "
"BL"
"RW","Brand I can depend on for emergency or additional funds",95,47,48
"PV",,11.6995%,11.6625%,11.7359%
"MK",," "," "," "
"BL"
"RW","Helps me get ready for a better tomorrow",109,60,49
"PV",,13.4236%,14.8883%,11.9804%
"MK",," "," "," "
"BL"
"RW","Gives me hope for the future",95,48,47
"PV",,11.6995%,11.9107%,11.4914%
"MK",," "," "," "
"BL"
"RW","Not Associated",486,232,254
"PV",,59.8522%,57.5682%,62.1027%
"MK",," "," "," "
"BL"
"RW","Total Count",3338,1711,1627
"PV",,411.0837%,424.5658%,397.7995%
"MK",," "," "," "
"TE"
"TB","8"
"VT","Q64. BRAND ASSOCIATION - KEY BRANDS - PayPal"
"HT","TOTAL"
"BT","AMONG BRAND AWARE - PayPal"
"CL",,"TOTAL (a)","JAN 2024 (b)","FEB 2024 (c)"
"RT","Total",293,163,130
"PV",,100.0000%,100.0000%,100.0000%
"BL"
"RW","Creates new and continuously innovate its products and services",30,17,13
"PV",,10.2389%,10.4294%,10.0000%
"MK",," "," "," "
"BL"
"RW","Brand for everyone (young or old, rich or poor)",33,19,14
"PV",,11.2628%,11.6564%,10.7692%
"MK",," "," "," "
"BL"
"RW","Brand that is safe and secure",31,21,10
"PV",,10.5802%,12.8834%,7.6923%
"MK",," "," "," "
"BL"
"RW","Provides relevant digital products and services",22,12,10
"PV",,7.5085%,7.3620%,7.6923%
"MK",," "," "," "
"BL"
"RW","Can be used whenever needed (any time and any day)",28,16,12
"PV",,9.5563%,9.8160%,9.2308%
"MK",," "," "," "
"BL"
"RW","Makes everyday life easier",24,15,9
"PV",,8.1911%,9.2025%,6.9231%
"MK",," "," "," "
"BL"
"RW","Brand for me",16,13,3
"PV",,5.4608%,7.9755%,2.3077%
"MK",," "," C"," "
"BL"
"RW","Brand who genuinely cares about its customers",18,11,7
"PV",,6.1433%,6.7485%,5.3846%
"MK",," "," "," "
"BL"
"RW","Has malasakit/concern for the community",23,16,7
"PV",,7.8498%,9.8160%,5.3846%
"MK",," "," "," "
"BL"
"RW","Has reliable customer service when needed",23,14,9
"PV",,7.8498%,8.5890%,6.9231%
"MK",," "," "," "
"BL"
"RW","Gives me perks, rewards, and privileges that are relevant to me",21,13,8
"PV",,7.1672%,7.9755%,6.1538%
"MK",," "," "," "
"BL"
"RW","Opens up opportunities to progress more in life",19,10,9
"PV",,6.4846%,6.1350%,6.9231%
"MK",," "," "," "
"BL"
"RW","Can be used anywhere (widely accepted, online and in-store)",30,17,13
"PV",,10.2389%,10.4294%,10.0000%
"MK",," "," "," "
"BL"
"RW","Has low to no transaction fees",18,10,8
"PV",,6.1433%,6.1350%,6.1538%
"MK",," "," "," "
"BL"
"RW","Has features that can help me assure my future by growing my finances",22,11,11
"PV",,7.5085%,6.7485%,8.4615%
"MK",," "," "," "
"BL"
"RW","Complete and all-in one financial app/solution/website",28,18,10
"PV",,9.5563%,11.0429%,7.6923%
"MK",," "," "," "
"BL"
"RW","Widely and highly recommended e-wallet brand",20,13,7
"PV",,6.8259%,7.9755%,5.3846%
"MK",," "," "," "
"BL"
"RW","Has advertisements I can relate to",21,13,8
"PV",,7.1672%,7.9755%,6.1538%
"MK",," "," "," "
"BL"
"RW","Brand that is trustworthy",25,16,9
"PV",,8.5324%,9.8160%,6.9231%
"MK",," "," "," "
"BL"
"RW","Products and services are easy to avail of and use",22,13,9
"PV",,7.5085%,7.9755%,6.9231%
"MK",," "," "," "
"BL"
"RW","Does not take advantage of my personal and transaction data",21,13,8
"PV",,7.1672%,7.9755%,6.1538%
"MK",," "," "," "
"BL"
"RW","Brand that helps customers to develop their financial skills and understanding",25,16,9
"PV",,8.5324%,9.8160%,6.9231%
"MK",," "," "," "
"BL"
"RW","Brand I can depend on for emergency or additional funds",21,11,10
"PV",,7.1672%,6.7485%,7.6923%
"MK",," "," "," "
"BL"
"RW","Helps me get ready for a better tomorrow",19,9,10
"PV",,6.4846%,5.5215%,7.6923%
"MK",," "," "," "
"BL"
"RW","Gives me hope for the future",29,15,14
"PV",,9.8976%,9.2025%,10.7692%
"MK",," "," "," "
"BL"
"RW","Not Associated",202,108,94
"PV",,68.9420%,66.2577%,72.3077%
"MK",," "," "," "
"BL"
"RW","Total Count",791,460,331
"PV",,269.9659%,282.2086%,254.6154%
"MK",," "," "," "
"TE"
"TB","9"
"VT","Q64. BRAND ASSOCIATION - KEY BRANDS - ShopeePay"
"HT","TOTAL"
"BT","AMONG BRAND AWARE - ShopeePay"
"CL",,"TOTAL (a)","JAN 2024 (b)","FEB 2024 (c)"
"RT","Total",442,231,211
"PV",,100.0000%,100.0000%,100.0000%
"BL"
"RW","Creates new and continuously innovate its products and services",51,24,27
"PV",,11.5385%,10.3896%,12.7962%
"MK",," "," "," "
"BL"
"RW","Brand for everyone (young or old, rich or poor)",58,29,29
"PV",,13.1222%,12.5541%,13.7441%
"MK",," "," "," "
"BL"
"RW","Brand that is safe and secure",50,21,29
"PV",,11.3122%,9.0909%,13.7441%
"MK",," "," "," "
"BL"
"RW","Provides relevant digital products and services",50,19,31
"PV",,11.3122%,8.2251%,14.6919%
"MK",," "," "," B"
"BL"
"RW","Can be used whenever needed (any time and any day)",43,20,23
"PV",,9.7285%,8.6580%,10.9005%
"MK",," "," "," "
"BL"
"RW","Makes everyday life easier",43,18,25
"PV",,9.7285%,7.7922%,11.8483%
"MK",," "," "," "
"BL"
"RW","Brand for me",54,28,26
"PV",,12.2172%,12.1212%,12.3223%
"MK",," "," "," "
"BL"
"RW","Brand who genuinely cares about its customers",57,27,30
"PV",,12.8959%,11.6883%,14.2180%
"MK",," "," "," "
"BL"
"RW","Has malasakit/concern for the community",48,21,27
"PV",,10.8597%,9.0909%,12.7962%
"MK",," "," "," "
"BL"
"RW","Has reliable customer service when needed",51,20,31
"PV",,11.5385%,8.6580%,14.6919%
"MK",," "," "," B"
"BL"
"RW","Gives me perks, rewards, and privileges that are relevant to me",57,25,32
"PV",,12.8959%,10.8225%,15.1659%
"MK",," "," "," "
"BL"
"RW","Opens up opportunities to progress more in life",59,23,36
"PV",,13.3484%,9.9567%,17.0616%
"MK",," "," "," B"
"BL"
"RW","Can be used anywhere (widely accepted, online and in-store)",47,21,26
"PV",,10.6335%,9.0909%,12.3223%
"MK",," "," "," "
"BL"
"RW","Has low to no transaction fees",41,17,24
"PV",,9.2760%,7.3593%,11.3744%
"MK",," "," "," "
"BL"
"RW","Has features that can help me assure my future by growing my finances",31,13,18
"PV",,7.0136%,5.6277%,8.5308%
"MK",," "," "," "
"BL"
"RW","Complete and all-in one financial app/solution/website",48,19,29
"PV",,10.8597%,8.2251%,13.7441%
"MK",," "," "," "
"BL"
"RW","Widely and highly recommended e-wallet brand",37,15,22
"PV",,8.3710%,6.4935%,10.4265%
"MK",," "," "," "
"BL"
"RW","Has advertisements I can relate to",58,29,29
"PV",,13.1222%,12.5541%,13.7441%
"MK",," "," "," "
"BL"
"RW","Brand that is trustworthy",53,26,27
"PV",,11.9910%,11.2554%,12.7962%
"MK",," "," "," "
"BL"
"RW","Products and services are easy to avail of and use",57,22,35
"PV",,12.8959%,9.5238%,16.5877%
"MK",," "," "," B"
"BL"
"RW","Does not take advantage of my personal and transaction data",48,23,25
"PV",,10.8597%,9.9567%,11.8483%
"MK",," "," "," "
"BL"
"RW","Brand that helps customers to develop their financial skills and understanding",45,18,27
"PV",,10.1810%,7.7922%,12.7962%
"MK",," "," "," "
"BL"
"RW","Brand I can depend on for emergency or additional funds",50,26,24
"PV",,11.3122%,11.2554%,11.3744%
"MK",," "," "," "
"BL"
"RW","Helps me get ready for a better tomorrow",45,17,28
"PV",,10.1810%,7.3593%,13.2701%
"MK",," "," "," B"
"BL"
"RW","Gives me hope for the future",52,18,34
"PV",,11.7647%,7.7922%,16.1137%
"MK",," "," "," B"
"BL"
"RW","Not Associated",261,137,124
"PV",,59.0498%,59.3074%,58.7678%
"MK",," "," "," "
"BL"
"RW","Total Count",1494,676,818
"PV",,338.0090%,292.6407%,387.6777%
"MK",," "," "," "
"TE"
"TB","10"
"VT","Q64. BRAND ASSOCIATION - KEY BRANDS - BDO Mobile/Online"
"HT","TOTAL"
"BT","AMONG USERS OF FINTECH APPS - AMONG BRAND AWARE - BDO Mobile/Online"
"CL",,"TOTAL (a)","JAN 2024 (b)","FEB 2024 (c)"
"RT","Total",90,45,45
"PV",,100.0000%,100.0000%,100.0000%
"BL"
"RW","Creates new and continuously innovate its products and services",19,9,10
"PV",,21.1111%,20.0000%,22.2222%
"MK",," "," "," "
"BL"
"RW","Brand for everyone (young or old, rich or poor)",15,9,6
"PV",,16.6667%,20.0000%,13.3333%
"MK",," "," "," "
"BL"
"RW","Brand that is safe and secure",23,11,12
"PV",,25.5556%,24.4444%,26.6667%
"MK",," "," "," "
"BL"
"RW","Provides relevant digital products and services",20,11,9
"PV",,22.2222%,24.4444%,20.0000%
"MK",," "," "," "
"BL"
"RW","Can be used whenever needed (any time and any day)",20,11,9
"PV",,22.2222%,24.4444%,20.0000%
"MK",," "," "," "
"BL"
"RW","Makes everyday life easier",17,8,9
"PV",,18.8889%,17.7778%,20.0000%
"MK",," "," "," "
"BL"
"RW","Brand for me",21,7,14
"PV",,23.3333%,15.5556%,31.1111%
"MK",," "," "," "
"BL"
"RW","Brand who genuinely cares about its customers",24,9,15
"PV",,26.6667%,20.0000%,33.3333%
"MK",," "," "," "
"BL"
"RW","Has malasakit/concern for the community",21,10,11
"PV",,23.3333%,22.2222%,24.4444%
"MK",," "," "," "
"BL"
"RW","Has reliable customer service when needed",23,10,13
"PV",,25.5556%,22.2222%,28.8889%
"MK",," "," "," "
"BL"
"RW","Gives me perks, rewards, and privileges that are relevant to me",16,5,11
"PV",,17.7778%,11.1111%,24.4444%
"MK",," "," "," "
"BL"
"RW","Opens up opportunities to progress more in life",23,10,13
"PV",,25.5556%,22.2222%,28.8889%
"MK",," "," "," "
"BL"
"RW","Can be used anywhere (widely accepted, online and in-store)",17,7,10
"PV",,18.8889%,15.5556%,22.2222%
"MK",," "," "," "
"BL"
"RW","Has low to no transaction fees",20,10,10
"PV",,22.2222%,22.2222%,22.2222%
"MK",," "," "," "
"BL"
"RW","Has features that can help me assure my future by growing my finances",23,9,14
"PV",,25.5556%,20.0000%,31.1111%
"MK",," "," "," "
"BL"
"RW","Complete and all-in one financial app/solution/website",17,8,9
"PV",,18.8889%,17.7778%,20.0000%
"MK",," "," "," "
"BL"
"RW","Widely and highly recommended e-wallet brand",14,6,8
"PV",,15.5556%,13.3333%,17.7778%
"MK",," "," "," "
"BL"
"RW","Has advertisements I can relate to",14,5,9
"PV",,15.5556%,11.1111%,20.0000%
"MK",," "," "," "
"BL"
"RW","Brand that is trustworthy",22,10,12
"PV",,24.4444%,22.2222%,26.6667%
"MK",," "," "," "
"BL"
"RW","Products and services are easy to avail of and use",14,7,7
"PV",,15.5556%,15.5556%,15.5556%
"MK",," "," "," "
"BL"
"RW","Does not take advantage of my personal and transaction data",20,9,11
"PV",,22.2222%,20.0000%,24.4444%
"MK",," "," "," "
"BL"
"RW","Brand that helps customers to develop their financial skills and understanding",19,10,9
"PV",,21.1111%,22.2222%,20.0000%
"MK",," "," "," "
"BL"
"RW","Brand I can depend on for emergency or additional funds",16,6,10
"PV",,17.7778%,13.3333%,22.2222%
"MK",," "," "," "
"BL"
"RW","Helps me get ready for a better tomorrow",24,9,15
"PV",,26.6667%,20.0000%,33.3333%
"MK",," "," "," "
"BL"
"RW","Gives me hope for the future",21,8,13
"PV",,23.3333%,17.7778%,28.8889%
"MK",," "," "," "
"BL"
"RW","Not Associated",50,26,24
"PV",,55.5556%,57.7778%,53.3333%
"MK",," "," "," "
"BL"
"RW","Total Count",533,240,293
"PV",,592.2222%,533.3333%,651.1111%
"MK",," "," "," "
"TE"
"TB","11"
"VT","Q64. BRAND ASSOCIATION - KEY BRANDS - BPI Mobile/Online"
"HT","TOTAL"
"BT","AMONG USERS OF FINTECH APPS - AMONG BRAND AWARE - BPI Mobile/Online"
"CL",,"TOTAL (a)","JAN 2024 (b)","FEB 2024 (c)"
"RT","Total",58,31,27
"PV",,100.0000%,100.0000%,100.0000%
"BL"
"RW","Creates new and continuously innovate its products and services",11,7,4
"PV",,18.9655%,22.5806%,14.8148%
"MK",," "," "," "
"BL"
"RW","Brand for everyone (young or old, rich or poor)",7,5,2
"PV",,12.0690%,16.1290%,7.4074%
"MK",," "," "," "
"BL"
"RW","Brand that is safe and secure",16,9,7
"PV",,27.5862%,29.0323%,25.9259%
"MK",," "," "," "
"BL"
"RW","Provides relevant digital products and services",15,8,7
"PV",,25.8621%,25.8065%,25.9259%
"MK",," "," "," "
"BL"
"RW","Can be used whenever needed (any time and any day)",13,8,5
"PV",,22.4138%,25.8065%,18.5185%
"MK",," "," "," "
"BL"
"RW","Makes everyday life easier",10,8,2
"PV",,17.2414%,25.8065%,7.4074%
"MK",," "," "," "
"BL"
"RW","Brand for me",13,7,6
"PV",,22.4138%,22.5806%,22.2222%
"MK",," "," "," "
"BL"
"RW","Brand who genuinely cares about its customers",10,5,5
"PV",,17.2414%,16.1290%,18.5185%
"MK",," "," "," "
"BL"
"RW","Has malasakit/concern for the community",9,4,5
"PV",,15.5172%,12.9032%,18.5185%
"MK",," "," "," "
"BL"
"RW","Has reliable customer service when needed",14,6,8
"PV",,24.1379%,19.3548%,29.6296%
"MK",," "," "," "
"BL"
"RW","Gives me perks, rewards, and privileges that are relevant to me",8,4,4
"PV",,13.7931%,12.9032%,14.8148%
"MK",," "," "," "
"BL"
"RW","Opens up opportunities to progress more in life",12,6,6
"PV",,20.6897%,19.3548%,22.2222%
"MK",," "," "," "
"BL"
"RW","Can be used anywhere (widely accepted, online and in-store)",9,5,4
"PV",,15.5172%,16.1290%,14.8148%
"MK",," "," "," "
"BL"
"RW","Has low to no transaction fees",10,6,4
"PV",,17.2414%,19.3548%,14.8148%
"MK",," "," "," "
"BL"
"RW","Has features that can help me assure my future by growing my finances",11,5,6
"PV",,18.9655%,16.1290%,22.2222%
"MK",," "," "," "
"BL"
"RW","Complete and all-in one financial app/solution/website",15,6,9
"PV",,25.8621%,19.3548%,33.3333%
"MK",," "," "," "
"BL"
"RW","Widely and highly recommended e-wallet brand",12,8,4
"PV",,20.6897%,25.8065%,14.8148%
"MK",," "," "," "
"BL"
"RW","Has advertisements I can relate to",9,5,4
"PV",,15.5172%,16.1290%,14.8148%
"MK",," "," "," "
"BL"
"RW","Brand that is trustworthy",14,8,6
"PV",,24.1379%,25.8065%,22.2222%
"MK",," "," "," "
"BL"
"RW","Products and services are easy to avail of and use",11,9,2
"PV",,18.9655%,29.0323%,7.4074%
"MK",," "," "," "
"BL"
"RW","Does not take advantage of my personal and transaction data",11,6,5
"PV",,18.9655%,19.3548%,18.5185%
"MK",," "," "," "
"BL"
"RW","Brand that helps customers to develop their financial skills and understanding",10,6,4
"PV",,17.2414%,19.3548%,14.8148%
"MK",," "," "," "
"BL"
"RW","Brand I can depend on for emergency or additional funds",11,7,4
"PV",,18.9655%,22.5806%,14.8148%
"MK",," "," "," "
"BL"
"RW","Helps me get ready for a better tomorrow",12,6,6
"PV",,20.6897%,19.3548%,22.2222%
"MK",," "," "," "
"BL"
"RW","Gives me hope for the future",14,6,8
"PV",,24.1379%,19.3548%,29.6296%
"MK",," "," "," "
"BL"
"RW","Not Associated",29,18,11
"PV",,50.0000%,58.0645%,40.7407%
"MK",," "," "," "
"BL"
"RW","Total Count",316,178,138
"PV",,544.8276%,574.1935%,511.1111%
"MK",," "," "," "
"TE"
"TB","12"
"VT","Q64. BRAND ASSOCIATION - KEY BRANDS - CLIQQ"
"HT","TOTAL"
"BT","AMONG USERS OF FINTECH APPS - AMONG BRAND AWARE - CLIQQ"
"CL",,"TOTAL (a)","JAN 2024 (b)","FEB 2024 (c)"
"RT","Total",61,27,34
"PV",,100.0000%,100.0000%,100.0000%
"BL"
"RW","Creates new and continuously innovate its products and services",9,5,4
"PV",,14.7541%,18.5185%,11.7647%
"MK",," "," "," "
"BL"
"RW","Brand for everyone (young or old, rich or poor)",8,2,6
"PV",,13.1148%,7.4074%,17.6471%
"MK",," "," "," "
"BL"
"RW","Brand that is safe and secure",7,4,3
"PV",,11.4754%,14.8148%,8.8235%
"MK",," "," "," "
"BL"
"RW","Provides relevant digital products and services",5,3,2
"PV",,8.1967%,11.1111%,5.8824%
"MK",," "," "," "
"BL"
"RW","Can be used whenever needed (any time and any day)",6,2,4
"PV",,9.8361%,7.4074%,11.7647%
"MK",," "," "," "
"BL"
"RW","Makes everyday life easier",12,7,5
"PV",,19.6721%,25.9259%,14.7059%
"MK",," "," "," "
"BL"
"RW","Brand for me",7,4,3
"PV",,11.4754%,14.8148%,8.8235%
"MK",," "," "," "
"BL"
"RW","Brand who genuinely cares about its customers",5,1,4
"PV",,8.1967%,3.7037%,11.7647%
"MK",," "," "," "
"BL"
"RW","Has malasakit/concern for the community",8,5,3
"PV",,13.1148%,18.5185%,8.8235%
"MK",," "," "," "
"BL"
"RW","Has reliable customer service when needed",7,4,3
"PV",,11.4754%,14.8148%,8.8235%
"MK",," "," "," "
"BL"
"RW","Gives me perks, rewards, and privileges that are relevant to me",7,3,4
"PV",,11.4754%,11.1111%,11.7647%
"MK",," "," "," "
"BL"
"RW","Opens up opportunities to progress more in life",8,6,2
"PV",,13.1148%,22.2222%,5.8824%
"MK",," "," "," "
"BL"
"RW","Can be used anywhere (widely accepted, online and in-store)",9,5,4
"PV",,14.7541%,18.5185%,11.7647%
"MK",," "," "," "
"BL"
"RW","Has low to no transaction fees",4,1,3
"PV",,6.5574%,3.7037%,8.8235%
"MK",," "," "," "
"BL"
"RW","Has features that can help me assure my future by growing my finances",10,5,5
"PV",,16.3934%,18.5185%,14.7059%
"MK",," "," "," "
"BL"
"RW","Complete and all-in one financial app/solution/website",5,2,3
"PV",,8.1967%,7.4074%,8.8235%
"MK",," "," "," "
"BL"
"RW","Widely and highly recommended e-wallet brand",5,2,3
"PV",,8.1967%,7.4074%,8.8235%
"MK",," "," "," "
"BL"
"RW","Has advertisements I can relate to",8,4,4
"PV",,13.1148%,14.8148%,11.7647%
"MK",," "," "," "
"BL"
"RW","Brand that is trustworthy",9,5,4
"PV",,14.7541%,18.5185%,11.7647%
"MK",," "," "," "
"BL"
"RW","Products and services are easy to avail of and use",6,3,3
"PV",,9.8361%,11.1111%,8.8235%
"MK",," "," "," "
"BL"
"RW","Does not take advantage of my personal and transaction data",8,6,2
"PV",,13.1148%,22.2222%,5.8824%
"MK",," "," "," "
"BL"
"RW","Brand that helps customers to develop their financial skills and understanding",10,5,5
"PV",,16.3934%,18.5185%,14.7059%
"MK",," "," "," "
"BL"
"RW","Brand I can depend on for emergency or additional funds",5,4,1
"PV",,8.1967%,14.8148%,2.9412%
"MK",," "," "," "
"BL"
"RW","Helps me get ready for a better tomorrow",6,3,3
"PV",,9.8361%,11.1111%,8.8235%
"MK",," "," "," "
"BL"
"RW","Gives me hope for the future",4,2,2
"PV",,6.5574%,7.4074%,5.8824%
"MK",," "," "," "
"BL"
"RW","Not Associated",39,16,23
"PV",,63.9344%,59.2593%,67.6471%
"MK",," "," "," "
"BL"
"RW","Total Count",217,109,108
"PV",,355.7377%,403.7037%,317.6471%
"MK",," "," "," "
"TE"
"TB","13"
"VT","Q64. BRAND ASSOCIATION - KEY BRANDS - Coins.ph"
"HT","TOTAL"
"BT","AMONG USERS OF FINTECH APPS - AMONG BRAND AWARE - Coins.ph"
"CL",,"TOTAL (a)","JAN 2024 (b)","FEB 2024 (c)"
"RT","Total",54,26,28
"PV",,100.0000%,100.0000%,100.0000%
"BL"
"RW","Creates new and continuously innovate its products and services",1,0,1
"PV",,1.8519%,0.0000%,3.5714%
"MK",," "," "," "
"BL"
"RW","Brand for everyone (young or old, rich or poor)",1,0,1
"PV",,1.8519%,0.0000%,3.5714%
"MK",," "," "," "
"BL"
"RW","Brand that is safe and secure",1,0,1
"PV",,1.8519%,0.0000%,3.5714%
"MK",," "," "," "
"BL"
"RW","Provides relevant digital products and services",1,0,1
"PV",,1.8519%,0.0000%,3.5714%
"MK",," "," "," "
"BL"
"RW","Can be used whenever needed (any time and any day)",1,0,1
"PV",,1.8519%,0.0000%,3.5714%
"MK",," "," "," "
"BL"
"RW","Makes everyday life easier",1,0,1
"PV",,1.8519%,0.0000%,3.5714%
"MK",," "," "," "
"BL"
"RW","Brand for me",1,0,1
"PV",,1.8519%,0.0000%,3.5714%
"MK",," "," "," "
"BL"
"RW","Brand who genuinely cares about its customers",2,1,1
"PV",,3.7037%,3.8462%,3.5714%
"MK",," "," "," "
"BL"
"RW","Has malasakit/concern for the community",2,1,1
"PV",,3.7037%,3.8462%,3.5714%
"MK",," "," "," "
"BL"
"RW","Has reliable customer service when needed",1,0,1
"PV",,1.8519%,0.0000%,3.5714%
"MK",," "," "," "
"BL"
"RW","Gives me perks, rewards, and privileges that are relevant to me",2,1,1
"PV",,3.7037%,3.8462%,3.5714%
"MK",," "," "," "
"BL"
"RW","Opens up opportunities to progress more in life",2,1,1
"PV",,3.7037%,3.8462%,3.5714%
"MK",," "," "," "
"BL"
"RW","Can be used anywhere (widely accepted, online and in-store)",1,0,1
"PV",,1.8519%,0.0000%,3.5714%
"MK",," "," "," "
"BL"
"RW","Has low to no transaction fees",1,0,1
"PV",,1.8519%,0.0000%,3.5714%
"MK",," "," "," "
"BL"
"RW","Has features that can help me assure my future by growing my finances",2,1,1
"PV",,3.7037%,3.8462%,3.5714%
"MK",," "," "," "
"BL"
"RW","Complete and all-in one financial app/solution/website",3,2,1
"PV",,5.5556%,7.6923%,3.5714%
"MK",," "," "," "
"BL"
"RW","Widely and highly recommended e-wallet brand",1,0,1
"PV",,1.8519%,0.0000%,3.5714%
"MK",," "," "," "
"BL"
"RW","Has advertisements I can relate to",1,0,1
"PV",,1.8519%,0.0000%,3.5714%
"MK",," "," "," "
"BL"
"RW","Brand that is trustworthy",1,0,1
"PV",,1.8519%,0.0000%,3.5714%
"MK",," "," "," "
"BL"
"RW","Products and services are easy to avail of and use",1,0,1
"PV",,1.8519%,0.0000%,3.5714%
"MK",," "," "," "
"BL"
"RW","Does not take advantage of my personal and transaction data",1,0,1
"PV",,1.8519%,0.0000%,3.5714%
"MK",," "," "," "
"BL"
"RW","Brand that helps customers to develop their financial skills and understanding",2,1,1
"PV",,3.7037%,3.8462%,3.5714%
"MK",," "," "," "
"BL"
"RW","Brand I can depend on for emergency or additional funds",3,2,1
"PV",,5.5556%,7.6923%,3.5714%
"MK",," "," "," "
"BL"
"RW","Helps me get ready for a better tomorrow",1,0,1
"PV",,1.8519%,0.0000%,3.5714%
"MK",," "," "," "
"BL"
"RW","Gives me hope for the future",2,1,1
"PV",,3.7037%,3.8462%,3.5714%
"MK",," "," "," "
"BL"
"RW","Not Associated",48,21,27
"PV",,88.8889%,80.7692%,96.4286%
"MK",," "," "," "
"BL"
"RW","Total Count",84,32,52
"PV",,155.5556%,123.0769%,185.7143%
"MK",," "," "," "
"TE"
"TB","14"
"VT","Q64. BRAND ASSOCIATION - KEY BRANDS - GCash"
"HT","TOTAL"
"BT","AMONG USERS OF FINTECH APPS - AMONG BRAND AWARE - GCash"
"CL",,"TOTAL (a)","JAN 2024 (b)","FEB 2024 (c)"
"RT","Total",597,300,297
"PV",,100.0000%,100.0000%,100.0000%
"BL"
"RW","Creates new and continuously innovate its products and services",510,245,265
"PV",,85.4271%,81.6667%,89.2256%
"MK",," "," "," B"
"BL"
"RW","Brand for everyone (young or old, rich or poor)",530,265,265
"PV",,88.7772%,88.3333%,89.2256%
"MK",," "," "," "
"BL"
"RW","Brand that is safe and secure",510,258,252
"PV",,85.4271%,86.0000%,84.8485%
"MK",," "," "," "
"BL"
"RW","Provides relevant digital products and services",520,259,261
"PV",,87.1022%,86.3333%,87.8788%
"MK",," "," "," "
"BL"
"RW","Can be used whenever needed (any time and any day)",554,272,282
"PV",,92.7973%,90.6667%,94.9495%
"MK",," "," "," B"
"BL"
"RW","Makes everyday life easier",529,261,268
"PV",,88.6097%,87.0000%,90.2357%
"MK",," "," "," "
"BL"
"RW","Brand for me",539,263,276
"PV",,90.2848%,87.6667%,92.9293%
"MK",," "," "," B"
"BL"
"RW","Brand who genuinely cares about its customers",511,253,258
"PV",,85.5946%,84.3333%,86.8687%
"MK",," "," "," "
"BL"
"RW","Has malasakit/concern for the community",483,233,250
"PV",,80.9045%,77.6667%,84.1751%
"MK",," "," "," B"
"BL"
"RW","Has reliable customer service when needed",518,258,260
"PV",,86.7672%,86.0000%,87.5421%
"MK",," "," "," "
"BL"
"RW","Gives me perks, rewards, and privileges that are relevant to me",470,230,240
"PV",,78.7270%,76.6667%,80.8081%
"MK",," "," "," "
"BL"
"RW","Opens up opportunities to progress more in life",490,239,251
"PV",,82.0771%,79.6667%,84.5118%
"MK",," "," "," "
"BL"
"RW","Can be used anywhere (widely accepted, online and in-store)",545,267,278
"PV",,91.2898%,89.0000%,93.6027%
"MK",," "," "," B"
"BL"
"RW","Has low to no transaction fees",496,246,250
"PV",,83.0821%,82.0000%,84.1751%
"MK",," "," "," "
"BL"
"RW","Has features that can help me assure my future by growing my finances",490,237,253
"PV",,82.0771%,79.0000%,85.1852%
"MK",," "," "," B"
"BL"
"RW","Complete and all-in one financial app/solution/website",509,250,259
"PV",,85.2596%,83.3333%,87.2054%
"MK",," "," "," "
"BL"
"RW","Widely and highly recommended e-wallet brand",538,269,269
"PV",,90.1173%,89.6667%,90.5724%
"MK",," "," "," "
"BL"
"RW","Has advertisements I can relate to",492,241,251
"PV",,82.4121%,80.3333%,84.5118%
"MK",," "," "," "
"BL"
"RW","Brand that is trustworthy",523,264,259
"PV",,87.6047%,88.0000%,87.2054%
"MK",," "," "," "
"BL"
"RW","Products and services are easy to avail of and use",540,265,275
"PV",,90.4523%,88.3333%,92.5926%
"MK",," "," "," "
"BL"
"RW","Does not take advantage of my personal and transaction data",525,267,258
"PV",,87.9397%,89.0000%,86.8687%
"MK",," "," "," "
"BL"
"RW","Brand that helps customers to develop their financial skills and understanding",512,255,257
"PV",,85.7621%,85.0000%,86.5320%
"MK",," "," "," "
"BL"
"RW","Brand I can depend on for emergency or additional funds",530,261,269
"PV",,88.7772%,87.0000%,90.5724%
"MK",," "," "," "
"BL"
"RW","Helps me get ready for a better tomorrow",487,236,251
"PV",,81.5745%,78.6667%,84.5118%
"MK",," "," "," "
"BL"
"RW","Gives me hope for the future",492,244,248
"PV",,82.4121%,81.3333%,83.5017%
"MK",," "," "," "
"BL"
"RW","Not Associated",11,8,3
"PV",,1.8425%,2.6667%,1.0101%
"MK",," "," "," "
"BL"
"RW","Total Count",12854,6346,6508
"PV",,2153.0988%,2115.3333%,2191.2458%
"MK",," "," "," "
"TE"
"TB","15"
"VT","Q64. BRAND ASSOCIATION - KEY BRANDS - GrabPay"
"HT","TOTAL"
"BT","AMONG USERS OF FINTECH APPS - AMONG BRAND AWARE - GrabPay"
"CL",,"TOTAL (a)","JAN 2024 (b)","FEB 2024 (c)"
"RT","Total",46,23,23
"PV",,100.0000%,100.0000%,100.0000%
"BL"
"RW","Creates new and continuously innovate its products and services",4,2,2
"PV",,8.6957%,8.6957%,8.6957%
"MK",," "," "," "
"BL"
"RW","Brand for everyone (young or old, rich or poor)",4,2,2
"PV",,8.6957%,8.6957%,8.6957%
"MK",," "," "," "
"BL"
"RW","Brand that is safe and secure",6,3,3
"PV",,13.0435%,13.0435%,13.0435%
"MK",," "," "," "
"BL"
"RW","Provides relevant digital products and services",5,2,3
"PV",,10.8696%,8.6957%,13.0435%
"MK",," "," "," "
"BL"
"RW","Can be used whenever needed (any time and any day)",5,2,3
"PV",,10.8696%,8.6957%,13.0435%
"MK",," "," "," "
"BL"
"RW","Makes everyday life easier",6,3,3
"PV",,13.0435%,13.0435%,13.0435%
"MK",," "," "," "
"BL"
"RW","Brand for me",4,2,2
"PV",,8.6957%,8.6957%,8.6957%
"MK",," "," "," "
"BL"
"RW","Brand who genuinely cares about its customers",6,3,3
"PV",,13.0435%,13.0435%,13.0435%
"MK",," "," "," "
"BL"
"RW","Has malasakit/concern for the community",4,2,2
"PV",,8.6957%,8.6957%,8.6957%
"MK",," "," "," "
"BL"
"RW","Has reliable customer service when needed",5,1,4
"PV",,10.8696%,4.3478%,17.3913%
"MK",," "," "," "
"BL"
"RW","Gives me perks, rewards, and privileges that are relevant to me",5,2,3
"PV",,10.8696%,8.6957%,13.0435%
"MK",," "," "," "
"BL"
"RW","Opens up opportunities to progress more in life",4,1,3
"PV",,8.6957%,4.3478%,13.0435%
"MK",," "," "," "
"BL"
"RW","Can be used anywhere (widely accepted, online and in-store)",5,2,3
"PV",,10.8696%,8.6957%,13.0435%
"MK",," "," "," "
"BL"
"RW","Has low to no transaction fees",4,2,2
"PV",,8.6957%,8.6957%,8.6957%
"MK",," "," "," "
"BL"
"RW","Has features that can help me assure my future by growing my finances",4,2,2
"PV",,8.6957%,8.6957%,8.6957%
"MK",," "," "," "
"BL"
"RW","Complete and all-in one financial app/solution/website",3,1,2
"PV",,6.5217%,4.3478%,8.6957%
"MK",," "," "," "
"BL"
"RW","Widely and highly recommended e-wallet brand",4,1,3
"PV",,8.6957%,4.3478%,13.0435%
"MK",," "," "," "
"BL"
"RW","Has advertisements I can relate to",6,3,3
"PV",,13.0435%,13.0435%,13.0435%
"MK",," "," "," "
"BL"
"RW","Brand that is trustworthy",4,1,3
"PV",,8.6957%,4.3478%,13.0435%
"MK",," "," "," "
"BL"
"RW","Products and services are easy to avail of and use",4,1,3
"PV",,8.6957%,4.3478%,13.0435%
"MK",," "," "," "
"BL"
"RW","Does not take advantage of my personal and transaction data",5,2,3
"PV",,10.8696%,8.6957%,13.0435%
"MK",," "," "," "
"BL"
"RW","Brand that helps customers to develop their financial skills and understanding",2,0,2
"PV",,4.3478%,0.0000%,8.6957%
"MK",," "," "," "
"BL"
"RW","Brand I can depend on for emergency or additional funds",3,1,2
"PV",,6.5217%,4.3478%,8.6957%
"MK",," "," "," "
"BL"
"RW","Helps me get ready for a better tomorrow",3,1,2
"PV",,6.5217%,4.3478%,8.6957%
"MK",," "," "," "
"BL"
"RW","Gives me hope for the future",3,1,2
"PV",,6.5217%,4.3478%,8.6957%
"MK",," "," "," "
"BL"
"RW","Not Associated",34,17,17
"PV",,73.9130%,73.9130%,73.9130%
"MK",," "," "," "
"BL"
"RW","Total Count",142,60,82
"PV",,308.6957%,260.8696%,356.5217%
"MK",," "," "," "
"TE"
"TB","16"
"VT","Q64. BRAND ASSOCIATION - KEY BRANDS - PayMaya/Maya"
"HT","TOTAL"
"BT","AMONG USERS OF FINTECH APPS - AMONG BRAND AWARE - PayMaya/Maya"
"CL",,"TOTAL (a)","JAN 2024 (b)","FEB 2024 (c)"
"RT","Total",409,200,209
"PV",,100.0000%,100.0000%,100.0000%
"BL"
"RW","Creates new and continuously innovate its products and services",52,25,27
"PV",,12.7139%,12.5000%,12.9187%
"MK",," "," "," "
"BL"
"RW","Brand for everyone (young or old, rich or poor)",57,27,30
"PV",,13.9364%,13.5000%,14.3541%
"MK",," "," "," "
"BL"
"RW","Brand that is safe and secure",67,36,31
"PV",,16.3814%,18.0000%,14.8325%
"MK",," "," "," "
"BL"
"RW","Provides relevant digital products and services",50,25,25
"PV",,12.2249%,12.5000%,11.9617%
"MK",," "," "," "
"BL"
"RW","Can be used whenever needed (any time and any day)",62,31,31
"PV",,15.1589%,15.5000%,14.8325%
"MK",," "," "," "
"BL"
"RW","Makes everyday life easier",49,24,25
"PV",,11.9804%,12.0000%,11.9617%
"MK",," "," "," "
"BL"
"RW","Brand for me",48,21,27
"PV",,11.7359%,10.5000%,12.9187%
"MK",," "," "," "
"BL"
"RW","Brand who genuinely cares about its customers",58,29,29
"PV",,14.1809%,14.5000%,13.8756%
"MK",," "," "," "
"BL"
"RW","Has malasakit/concern for the community",51,28,23
"PV",,12.4694%,14.0000%,11.0048%
"MK",," "," "," "
"BL"
"RW","Has reliable customer service when needed",53,28,25
"PV",,12.9584%,14.0000%,11.9617%
"MK",," "," "," "
"BL"
"RW","Gives me perks, rewards, and privileges that are relevant to me",57,27,30
"PV",,13.9364%,13.5000%,14.3541%
"MK",," "," "," "
"BL"
"RW","Opens up opportunities to progress more in life",59,31,28
"PV",,14.4254%,15.5000%,13.3971%
"MK",," "," "," "
"BL"
"RW","Can be used anywhere (widely accepted, online and in-store)",64,36,28
"PV",,15.6479%,18.0000%,13.3971%
"MK",," "," "," "
"BL"
"RW","Has low to no transaction fees",55,24,31
"PV",,13.4474%,12.0000%,14.8325%
"MK",," "," "," "
"BL"
"RW","Has features that can help me assure my future by growing my finances",48,22,26
"PV",,11.7359%,11.0000%,12.4402%
"MK",," "," "," "
"BL"
"RW","Complete and all-in one financial app/solution/website",56,29,27
"PV",,13.6919%,14.5000%,12.9187%
"MK",," "," "," "
"BL"
"RW","Widely and highly recommended e-wallet brand",57,30,27
"PV",,13.9364%,15.0000%,12.9187%
"MK",," "," "," "
"BL"
"RW","Has advertisements I can relate to",60,27,33
"PV",,14.6699%,13.5000%,15.7895%
"MK",," "," "," "
"BL"
"RW","Brand that is trustworthy",52,29,23
"PV",,12.7139%,14.5000%,11.0048%
"MK",," "," "," "
"BL"
"RW","Products and services are easy to avail of and use",54,29,25
"PV",,13.2029%,14.5000%,11.9617%
"MK",," "," "," "
"BL"
"RW","Does not take advantage of my personal and transaction data",52,27,25
"PV",,12.7139%,13.5000%,11.9617%
"MK",," "," "," "
"BL"
"RW","Brand that helps customers to develop their financial skills and understanding",57,29,28
"PV",,13.9364%,14.5000%,13.3971%
"MK",," "," "," "
"BL"
"RW","Brand I can depend on for emergency or additional funds",50,24,26
"PV",,12.2249%,12.0000%,12.4402%
"MK",," "," "," "
"BL"
"RW","Helps me get ready for a better tomorrow",55,27,28
"PV",,13.4474%,13.5000%,13.3971%
"MK",," "," "," "
"BL"
"RW","Gives me hope for the future",47,22,25
"PV",,11.4914%,11.0000%,11.9617%
"MK",," "," "," "
"BL"
"RW","Not Associated",257,124,133
"PV",,62.8362%,62.0000%,63.6364%
"MK",," "," "," "
"BL"
"RW","Total Count",1627,811,816
"PV",,397.7995%,405.5000%,390.4306%
"MK",," "," "," "
"TE"
"TB","17"
"VT","Q64. BRAND ASSOCIATION - KEY BRANDS - PayPal"
"HT","TOTAL"
"BT","AMONG USERS OF FINTECH APPS - AMONG BRAND AWARE - PayPal"
"CL",,"TOTAL (a)","JAN 2024 (b)","FEB 2024 (c)"
"RT","Total",162,90,72
"PV",,100.0000%,100.0000%,100.0000%
"BL"
"RW","Creates new and continuously innovate its products and services",12,7,5
"PV",,7.4074%,7.7778%,6.9444%
"MK",," "," "," "
"BL"
"RW","Brand for everyone (young or old, rich or poor)",13,6,7
"PV",,8.0247%,6.6667%,9.7222%
"MK",," "," "," "
"BL"
"RW","Brand that is safe and secure",14,10,4
"PV",,8.6420%,11.1111%,5.5556%
"MK",," "," "," "
"BL"
"RW","Provides relevant digital products and services",9,4,5
"PV",,5.5556%,4.4444%,6.9444%
"MK",," "," "," "
"BL"
"RW","Can be used whenever needed (any time and any day)",11,5,6
"PV",,6.7901%,5.5556%,8.3333%
"MK",," "," "," "
"BL"
"RW","Makes everyday life easier",9,4,5
"PV",,5.5556%,4.4444%,6.9444%
"MK",," "," "," "
"BL"
"RW","Brand for me",8,7,1
"PV",,4.9383%,7.7778%,1.3889%
"MK",," "," "," "
"BL"
"RW","Brand who genuinely cares about its customers",4,2,2
"PV",,2.4691%,2.2222%,2.7778%
"MK",," "," "," "
"BL"
"RW","Has malasakit/concern for the community",8,6,2
"PV",,4.9383%,6.6667%,2.7778%
"MK",," "," "," "
"BL"
"RW","Has reliable customer service when needed",11,7,4
"PV",,6.7901%,7.7778%,5.5556%
"MK",," "," "," "
"BL"
"RW","Gives me perks, rewards, and privileges that are relevant to me",8,4,4
"PV",,4.9383%,4.4444%,5.5556%
"MK",," "," "," "
"BL"
"RW","Opens up opportunities to progress more in life",7,3,4
"PV",,4.3210%,3.3333%,5.5556%
"MK",," "," "," "
"BL"
"RW","Can be used anywhere (widely accepted, online and in-store)",16,8,8
"PV",,9.8765%,8.8889%,11.1111%
"MK",," "," "," "
"BL"
"RW","Has low to no transaction fees",6,3,3
"PV",,3.7037%,3.3333%,4.1667%
"MK",," "," "," "
"BL"
"RW","Has features that can help me assure my future by growing my finances",7,3,4
"PV",,4.3210%,3.3333%,5.5556%
"MK",," "," "," "
"BL"
"RW","Complete and all-in one financial app/solution/website",11,7,4
"PV",,6.7901%,7.7778%,5.5556%
"MK",," "," "," "
"BL"
"RW","Widely and highly recommended e-wallet brand",4,2,2
"PV",,2.4691%,2.2222%,2.7778%
"MK",," "," "," "
"BL"
"RW","Has advertisements I can relate to",7,5,2
"PV",,4.3210%,5.5556%,2.7778%
"MK",," "," "," "
"BL"
"RW","Brand that is trustworthy",11,7,4
"PV",,6.7901%,7.7778%,5.5556%
"MK",," "," "," "
"BL"
"RW","Products and services are easy to avail of and use",9,5,4
"PV",,5.5556%,5.5556%,5.5556%
"MK",," "," "," "
"BL"
"RW","Does not take advantage of my personal and transaction data",9,6,3
"PV",,5.5556%,6.6667%,4.1667%
"MK",," "," "," "
"BL"
"RW","Brand that helps customers to develop their financial skills and understanding",10,7,3
"PV",,6.1728%,7.7778%,4.1667%
"MK",," "," "," "
"BL"
"RW","Brand I can depend on for emergency or additional funds",10,6,4
"PV",,6.1728%,6.6667%,5.5556%
"MK",," "," "," "
"BL"
"RW","Helps me get ready for a better tomorrow",5,4,1
"PV",,3.0864%,4.4444%,1.3889%
"MK",," "," "," "
"BL"
"RW","Gives me hope for the future",9,5,4
"PV",,5.5556%,5.5556%,5.5556%
"MK",," "," "," "
"BL"
"RW","Not Associated",121,67,54
"PV",,74.6914%,74.4444%,75.0000%
"MK",," "," "," "
"BL"
"RW","Total Count",349,200,149
"PV",,215.4321%,222.2222%,206.9444%
"MK",," "," "," "
"TE"
"TB","18"
"VT","Q64. BRAND ASSOCIATION - KEY BRANDS - ShopeePay"
"HT","TOTAL"
"BT","AMONG USERS OF FINTECH APPS - AMONG BRAND AWARE - ShopeePay"
"CL",,"TOTAL (a)","JAN 2024 (b)","FEB 2024 (c)"
"RT","Total",234,121,113
"PV",,100.0000%,100.0000%,100.0000%
"BL"
"RW","Creates new and continuously innovate its products and services",23,11,12
"PV",,9.8291%,9.0909%,10.6195%
"MK",," "," "," "
"BL"
"RW","Brand for everyone (young or old, rich or poor)",21,10,11
"PV",,8.9744%,8.2645%,9.7345%
"MK",," "," "," "
"BL"
"RW","Brand that is safe and secure",22,9,13
"PV",,9.4017%,7.4380%,11.5044%
"MK",," "," "," "
"BL"
"RW","Provides relevant digital products and services",22,6,16
"PV",,9.4017%,4.9587%,14.1593%
"MK",," "," "," B"
"BL"
"RW","Can be used whenever needed (any time and any day)",22,8,14
"PV",,9.4017%,6.6116%,12.3894%
"MK",," "," "," "
"BL"
"RW","Makes everyday life easier",18,6,12
"PV",,7.6923%,4.9587%,10.6195%
"MK",," "," "," "
"BL"
"RW","Brand for me",24,12,12
"PV",,10.2564%,9.9174%,10.6195%
"MK",," "," "," "
"BL"
"RW","Brand who genuinely cares about its customers",23,10,13
"PV",,9.8291%,8.2645%,11.5044%
"MK",," "," "," "
"BL"
"RW","Has malasakit/concern for the community",21,10,11
"PV",,8.9744%,8.2645%,9.7345%
"MK",," "," "," "
"BL"
"RW","Has reliable customer service when needed",23,8,15
"PV",,9.8291%,6.6116%,13.2743%
"MK",," "," "," "
"BL"
"RW","Gives me perks, rewards, and privileges that are relevant to me",32,14,18
"PV",,13.6752%,11.5702%,15.9292%
"MK",," "," "," "
"BL"
"RW","Opens up opportunities to progress more in life",29,10,19
"PV",,12.3932%,8.2645%,16.8142%
"MK",," "," "," B"
"BL"
"RW","Can be used anywhere (widely accepted, online and in-store)",23,11,12
"PV",,9.8291%,9.0909%,10.6195%
"MK",," "," "," "
"BL"
"RW","Has low to no transaction fees",15,5,10
"PV",,6.4103%,4.1322%,8.8496%
"MK",," "," "," "
"BL"
"RW","Has features that can help me assure my future by growing my finances",12,4,8
"PV",,5.1282%,3.3058%,7.0796%
"MK",," "," "," "
"BL"
"RW","Complete and all-in one financial app/solution/website",23,6,17
"PV",,9.8291%,4.9587%,15.0442%
"MK",," "," "," B"
"BL"
"RW","Widely and highly recommended e-wallet brand",18,7,11
"PV",,7.6923%,5.7851%,9.7345%
"MK",," "," "," "
"BL"
"RW","Has advertisements I can relate to",27,14,13
"PV",,11.5385%,11.5702%,11.5044%
"MK",," "," "," "
"BL"
"RW","Brand that is trustworthy",18,8,10
"PV",,7.6923%,6.6116%,8.8496%
"MK",," "," "," "
"BL"
"RW","Products and services are easy to avail of and use",26,11,15
"PV",,11.1111%,9.0909%,13.2743%
"MK",," "," "," "
"BL"
"RW","Does not take advantage of my personal and transaction data",20,10,10
"PV",,8.5470%,8.2645%,8.8496%
"MK",," "," "," "
"BL"
"RW","Brand that helps customers to develop their financial skills and understanding",21,11,10
"PV",,8.9744%,9.0909%,8.8496%
"MK",," "," "," "
"BL"
"RW","Brand I can depend on for emergency or additional funds",16,7,9
"PV",,6.8376%,5.7851%,7.9646%
"MK",," "," "," "
"BL"
"RW","Helps me get ready for a better tomorrow",17,8,9
"PV",,7.2650%,6.6116%,7.9646%
"MK",," "," "," "
"BL"
"RW","Gives me hope for the future",19,7,12
"PV",,8.1197%,5.7851%,10.6195%
"MK",," "," "," "
"BL"
"RW","Not Associated",147,77,70
"PV",,62.8205%,63.6364%,61.9469%
"MK",," "," "," "
"BL"
"RW","Total Count",682,300,382
"PV",,291.4530%,247.9339%,338.0531%
"MK",," "," "," "
"TE"
"TB","19"
"VT","Q64. BRAND ASSOCIATION - KEY BRANDS - BDO Mobile/Online"
"HT","TOTAL"
"BT","AMONG NON-USERS OF FINTECH APPS - AMONG BRAND AWARE - BDO Mobile/Online"
"CL",,"TOTAL (a)","JAN 2024 (b)","FEB 2024 (c)"
"RT","Total",58,31,27
"PV",,100.0000%,100.0000%,100.0000%
"BL"
"RW","Creates new and continuously innovate its products and services",13,9,4
"PV",,22.4138%,29.0323%,14.8148%
"MK",," "," "," "
"BL"
"RW","Brand for everyone (young or old, rich or poor)",10,6,4
"PV",,17.2414%,19.3548%,14.8148%
"MK",," "," "," "
"BL"
"RW","Brand that is safe and secure",15,7,8
"PV",,25.8621%,22.5806%,29.6296%
"MK",," "," "," "
"BL"
"RW","Provides relevant digital products and services",13,8,5
"PV",,22.4138%,25.8065%,18.5185%
"MK",," "," "," "
"BL"
"RW","Can be used whenever needed (any time and any day)",7,3,4
"PV",,12.0690%,9.6774%,14.8148%
"MK",," "," "," "
"BL"
"RW","Makes everyday life easier",8,5,3
"PV",,13.7931%,16.1290%,11.1111%
"MK",," "," "," "
"BL"
"RW","Brand for me",7,3,4
"PV",,12.0690%,9.6774%,14.8148%
"MK",," "," "," "
"BL"
"RW","Brand who genuinely cares about its customers",13,6,7
"PV",,22.4138%,19.3548%,25.9259%
"MK",," "," "," "
"BL"
"RW","Has malasakit/concern for the community",15,6,9
"PV",,25.8621%,19.3548%,33.3333%
"MK",," "," "," "
"BL"
"RW","Has reliable customer service when needed",15,8,7
"PV",,25.8621%,25.8065%,25.9259%
"MK",," "," "," "
"BL"
"RW","Gives me perks, rewards, and privileges that are relevant to me",10,5,5
"PV",,17.2414%,16.1290%,18.5185%
"MK",," "," "," "
"BL"
"RW","Opens up opportunities to progress more in life",15,7,8
"PV",,25.8621%,22.5806%,29.6296%
"MK",," "," "," "
"BL"
"RW","Can be used anywhere (widely accepted, online and in-store)",9,5,4
"PV",,15.5172%,16.1290%,14.8148%
"MK",," "," "," "
"BL"
"RW","Has low to no transaction fees",9,5,4
"PV",,15.5172%,16.1290%,14.8148%
"MK",," "," "," "
"BL"
"RW","Has features that can help me assure my future by growing my finances",16,8,8
"PV",,27.5862%,25.8065%,29.6296%
"MK",," "," "," "
"BL"
"RW","Complete and all-in one financial app/solution/website",15,7,8
"PV",,25.8621%,22.5806%,29.6296%
"MK",," "," "," "
"BL"
"RW","Widely and highly recommended e-wallet brand",13,6,7
"PV",,22.4138%,19.3548%,25.9259%
"MK",," "," "," "
"BL"
"RW","Has advertisements I can relate to",11,5,6
"PV",,18.9655%,16.1290%,22.2222%
"MK",," "," "," "
"BL"
"RW","Brand that is trustworthy",16,10,6
"PV",,27.5862%,32.2581%,22.2222%
"MK",," "," "," "
"BL"
"RW","Products and services are easy to avail of and use",11,6,5
"PV",,18.9655%,19.3548%,18.5185%
"MK",," "," "," "
"BL"
"RW","Does not take advantage of my personal and transaction data",12,6,6
"PV",,20.6897%,19.3548%,22.2222%
"MK",," "," "," "
"BL"
"RW","Brand that helps customers to develop their financial skills and understanding",12,4,8
"PV",,20.6897%,12.9032%,29.6296%
"MK",," "," "," "
"BL"
"RW","Brand I can depend on for emergency or additional funds",12,5,7
"PV",,20.6897%,16.1290%,25.9259%
"MK",," "," "," "
"BL"
"RW","Helps me get ready for a better tomorrow",16,8,8
"PV",,27.5862%,25.8065%,29.6296%
"MK",," "," "," "
"BL"
"RW","Gives me hope for the future",14,9,5
"PV",,24.1379%,29.0323%,18.5185%
"MK",," "," "," "
"BL"
"RW","Not Associated",23,14,9
"PV",,39.6552%,45.1613%,33.3333%
"MK",," "," "," "
"BL"
"RW","Total Count",330,171,159
"PV",,568.9655%,551.6129%,588.8889%
"MK",," "," "," "
"TE"
"TB","20"
"VT","Q64. BRAND ASSOCIATION - KEY BRANDS - BPI Mobile/Online"
"HT","TOTAL"
"BT","AMONG NON-USERS OF FINTECH APPS - AMONG BRAND AWARE - BPI Mobile/Online"
"CL",,"TOTAL (a)","JAN 2024 (b)","FEB 2024 (c)"
"RT","Total",46,25,21
"PV",,100.0000%,100.0000%,100.0000%
"BL"
"RW","Creates new and continuously innovate its products and services",10,5,5
"PV",,21.7391%,20.0000%,23.8095%
"MK",," "," "," "
"BL"
"RW","Brand for everyone (young or old, rich or poor)",7,4,3
"PV",,15.2174%,16.0000%,14.2857%
"MK",," "," "," "
"BL"
"RW","Brand that is safe and secure",12,5,7
"PV",,26.0870%,20.0000%,33.3333%
"MK",," "," "," "
"BL"
"RW","Provides relevant digital products and services",8,5,3
"PV",,17.3913%,20.0000%,14.2857%
"MK",," "," "," "
"BL"
"RW","Can be used whenever needed (any time and any day)",4,3,1
"PV",,8.6957%,12.0000%,4.7619%
"MK",," "," "," "
"BL"
"RW","Makes everyday life easier",4,3,1
"PV",,8.6957%,12.0000%,4.7619%
"MK",," "," "," "
"BL"
"RW","Brand for me",4,2,2
"PV",,8.6957%,8.0000%,9.5238%
"MK",," "," "," "
"BL"
"RW","Brand who genuinely cares about its customers",9,4,5
"PV",,19.5652%,16.0000%,23.8095%
"MK",," "," "," "
"BL"
"RW","Has malasakit/concern for the community",10,4,6
"PV",,21.7391%,16.0000%,28.5714%
"MK",," "," "," "
"BL"
"RW","Has reliable customer service when needed",9,4,5
"PV",,19.5652%,16.0000%,23.8095%
"MK",," "," "," "
"BL"
"RW","Gives me perks, rewards, and privileges that are relevant to me",5,4,1
"PV",,10.8696%,16.0000%,4.7619%
"MK",," "," "," "
"BL"
"RW","Opens up opportunities to progress more in life",12,6,6
"PV",,26.0870%,24.0000%,28.5714%
"MK",," "," "," "
"BL"
"RW","Can be used anywhere (widely accepted, online and in-store)",8,5,3
"PV",,17.3913%,20.0000%,14.2857%
"MK",," "," "," "
"BL"
"RW","Has low to no transaction fees",7,4,3
"PV",,15.2174%,16.0000%,14.2857%
"MK",," "," "," "
"BL"
"RW","Has features that can help me assure my future by growing my finances",9,5,4
"PV",,19.5652%,20.0000%,19.0476%
"MK",," "," "," "
"BL"
"RW","Complete and all-in one financial app/solution/website",9,4,5
"PV",,19.5652%,16.0000%,23.8095%
"MK",," "," "," "
"BL"
"RW","Widely and highly recommended e-wallet brand",9,4,5
"PV",,19.5652%,16.0000%,23.8095%
"MK",," "," "," "
"BL"
"RW","Has advertisements I can relate to",5,3,2
"PV",,10.8696%,12.0000%,9.5238%
"MK",," "," "," "
"BL"
"RW","Brand that is trustworthy",8,5,3
"PV",,17.3913%,20.0000%,14.2857%
"MK",," "," "," "
"BL"
"RW","Products and services are easy to avail of and use",6,5,1
"PV",,13.0435%,20.0000%,4.7619%
"MK",," "," "," "
"BL"
"RW","Does not take advantage of my personal and transaction data",10,6,4
"PV",,21.7391%,24.0000%,19.0476%
"MK",," "," "," "
"BL"
"RW","Brand that helps customers to develop their financial skills and understanding",13,6,7
"PV",,28.2609%,24.0000%,33.3333%
"MK",," "," "," "
"BL"
"RW","Brand I can depend on for emergency or additional funds",11,6,5
"PV",,23.9130%,24.0000%,23.8095%
"MK",," "," "," "
"BL"
"RW","Helps me get ready for a better tomorrow",11,4,7
"PV",,23.9130%,16.0000%,33.3333%
"MK",," "," "," "
"BL"
"RW","Gives me hope for the future",10,5,5
"PV",,21.7391%,20.0000%,23.8095%
"MK",," "," "," "
"BL"
"RW","Not Associated",25,16,9
"PV",,54.3478%,64.0000%,42.8571%
"MK",," "," "," "
"BL"
"RW","Total Count",235,127,108
"PV",,510.8696%,508.0000%,514.2857%
"MK",," "," "," "
"TE"
"TB","21"
"VT","Q64. BRAND ASSOCIATION - KEY BRANDS - CLIQQ"
"HT","TOTAL"
"BT","AMONG NON-USERS OF FINTECH APPS - AMONG BRAND AWARE - CLIQQ"
"CL",,"TOTAL (a)","JAN 2024 (b)","FEB 2024 (c)"
"RT","Total",17,8,9
"PV",,100.0000%,100.0000%,100.0000%
"BL"
"RW","Creates new and continuously innovate its products and services",1,1,0
"PV",,5.8824%,12.5000%,0.0000%
"MK",," "," "," "
"BL"
"RW","Brand for everyone (young or old, rich or poor)",3,2,1
"PV",,17.6471%,25.0000%,11.1111%
"MK",," "," "," "
"BL"
"RW","Brand that is safe and secure",1,1,0
"PV",,5.8824%,12.5000%,0.0000%
"MK",," "," "," "
"BL"
"RW","Provides relevant digital products and services",2,1,1
"PV",,11.7647%,12.5000%,11.1111%
"MK",," "," "," "
"BL"
"RW","Can be used whenever needed (any time and any day)",1,1,0
"PV",,5.8824%,12.5000%,0.0000%
"MK",," "," "," "
"BL"
"RW","Makes everyday life easier",2,1,1
"PV",,11.7647%,12.5000%,11.1111%
"MK",," "," "," "
"BL"
"RW","Brand for me",2,1,1
"PV",,11.7647%,12.5000%,11.1111%
"MK",," "," "," "
"BL"
"RW","Brand who genuinely cares about its customers",3,1,2
"PV",,17.6471%,12.5000%,22.2222%
"MK",," "," "," "
"BL"
"RW","Has malasakit/concern for the community",1,1,0
"PV",,5.8824%,12.5000%,0.0000%
"MK",," "," "," "
"BL"
"RW","Has reliable customer service when needed",1,1,0
"PV",,5.8824%,12.5000%,0.0000%
"MK",," "," "," "
"BL"
"RW","Gives me perks, rewards, and privileges that are relevant to me",2,1,1
"PV",,11.7647%,12.5000%,11.1111%
"MK",," "," "," "
"BL"
"RW","Opens up opportunities to progress more in life",2,1,1
"PV",,11.7647%,12.5000%,11.1111%
"MK",," "," "," "
"BL"
"RW","Can be used anywhere (widely accepted, online and in-store)",3,1,2
"PV",,17.6471%,12.5000%,22.2222%
"MK",," "," "," "
"BL"
"RW","Has low to no transaction fees",1,1,0
"PV",,5.8824%,12.5000%,0.0000%
"MK",," "," "," "
"BL"
"RW","Has features that can help me assure my future by growing my finances",1,1,0
"PV",,5.8824%,12.5000%,0.0000%
"MK",," "," "," "
"BL"
"RW","Complete and all-in one financial app/solution/website",1,1,0
"PV",,5.8824%,12.5000%,0.0000%
"MK",," "," "," "
"BL"
"RW","Widely and highly recommended e-wallet brand",2,1,1
"PV",,11.7647%,12.5000%,11.1111%
"MK",," "," "," "
"BL"
"RW","Has advertisements I can relate to",2,1,1
"PV",,11.7647%,12.5000%,11.1111%
"MK",," "," "," "
"BL"
"RW","Brand that is trustworthy",2,1,1
"PV",,11.7647%,12.5000%,11.1111%
"MK",," "," "," "
"BL"
"RW","Products and services are easy to avail of and use",2,2,0
"PV",,11.7647%,25.0000%,0.0000%
"MK",," "," "," "
"BL"
"RW","Does not take advantage of my personal and transaction data",2,1,1
"PV",,11.7647%,12.5000%,11.1111%
"MK",," "," "," "
"BL"
"RW","Brand that helps customers to develop their financial skills and understanding",2,1,1
"PV",,11.7647%,12.5000%,11.1111%
"MK",," "," "," "
"BL"
"RW","Brand I can depend on for emergency or additional funds",3,1,2
"PV",,17.6471%,12.5000%,22.2222%
"MK",," "," "," "
"BL"
"RW","Helps me get ready for a better tomorrow",1,0,1
"PV",,5.8824%,0.0000%,11.1111%
"MK",," "," "," "
"BL"
"RW","Gives me hope for the future",1,1,0
"PV",,5.8824%,12.5000%,0.0000%
"MK",," "," "," "
"BL"
"RW","Not Associated",10,4,6
"PV",,58.8235%,50.0000%,66.6667%
"MK",," "," "," "
"BL"
"RW","Total Count",54,30,24
"PV",,317.6471%,375.0000%,266.6667%
"MK",," "," "," "
"TE"
"TB","22"
"VT","Q64. BRAND ASSOCIATION - KEY BRANDS - Coins.ph"
"HT","TOTAL"
"BT","AMONG NON-USERS OF FINTECH APPS - AMONG BRAND AWARE - Coins.ph"
"CL",,"TOTAL (a)","JAN 2024 (b)","FEB 2024 (c)"
"RT","Total",23,9,14
"PV",,100.0000%,100.0000%,100.0000%
"BL"
"RW","Brand that is safe and secure",1,0,1
"PV",,4.3478%,0.0000%,7.1429%
"MK",," "," "," "
"BL"
"RW","Can be used whenever needed (any time and any day)",1,0,1
"PV",,4.3478%,0.0000%,7.1429%
"MK",," "," "," "
"BL"
"RW","Makes everyday life easier",1,0,1
"PV",,4.3478%,0.0000%,7.1429%
"MK",," "," "," "
"BL"
"RW","Brand for me",1,0,1
"PV",,4.3478%,0.0000%,7.1429%
"MK",," "," "," "
"BL"
"RW","Brand who genuinely cares about its customers",1,0,1
"PV",,4.3478%,0.0000%,7.1429%
"MK",," "," "," "
"BL"
"RW","Has reliable customer service when needed",1,1,0
"PV",,4.3478%,11.1111%,0.0000%
"MK",," "," "," "
"BL"
"RW","Has low to no transaction fees",1,0,1
"PV",,4.3478%,0.0000%,7.1429%
"MK",," "," "," "
"BL"
"RW","Has features that can help me assure my future by growing my finances",1,0,1
"PV",,4.3478%,0.0000%,7.1429%
"MK",," "," "," "
"BL"
"RW","Widely and highly recommended e-wallet brand",2,1,1
"PV",,8.6957%,11.1111%,7.1429%
"MK",," "," "," "
"BL"
"RW","Brand that is trustworthy",2,1,1
"PV",,8.6957%,11.1111%,7.1429%
"MK",," "," "," "
"BL"
"RW","Products and services are easy to avail of and use",1,0,1
"PV",,4.3478%,0.0000%,7.1429%
"MK",," "," "," "
"BL"
"RW","Brand I can depend on for emergency or additional funds",1,0,1
"PV",,4.3478%,0.0000%,7.1429%
"MK",," "," "," "
"BL"
"RW","Helps me get ready for a better tomorrow",1,1,0
"PV",,4.3478%,11.1111%,0.0000%
"MK",," "," "," "
"BL"
"RW","Not Associated",19,7,12
"PV",,82.6087%,77.7778%,85.7143%
"MK",," "," "," "
"BL"
"RW","Total Count",34,11,23
"PV",,147.8261%,122.2222%,164.2857%
"MK",," "," "," "
"TE"
"TB","23"
"VT","Q64. BRAND ASSOCIATION - KEY BRANDS - GCash"
"HT","TOTAL"
"BT","AMONG NON-USERS OF FINTECH APPS - AMONG BRAND AWARE - GCash"
"CL",,"TOTAL (a)","JAN 2024 (b)","FEB 2024 (c)"
"RT","Total",594,300,294
"PV",,100.0000%,100.0000%,100.0000%
"BL"
"RW","Creates new and continuously innovate its products and services",378,182,196
"PV",,63.6364%,60.6667%,66.6667%
"MK",," "," "," "
"BL"
"RW","Brand for everyone (young or old, rich or poor)",434,218,216
"PV",,73.0640%,72.6667%,73.4694%
"MK",," "," "," "
"BL"
"RW","Brand that is safe and secure",386,193,193
"PV",,64.9832%,64.3333%,65.6463%
"MK",," "," "," "
"BL"
"RW","Provides relevant digital products and services",401,200,201
"PV",,67.5084%,66.6667%,68.3673%
"MK",," "," "," "
"BL"
"RW","Can be used whenever needed (any time and any day)",444,227,217
"PV",,74.7475%,75.6667%,73.8095%
"MK",," "," "," "
"BL"
"RW","Makes everyday life easier",410,211,199
"PV",,69.0236%,70.3333%,67.6871%
"MK",," "," "," "
"BL"
"RW","Brand for me",409,200,209
"PV",,68.8552%,66.6667%,71.0884%
"MK",," "," "," "
"BL"
"RW","Brand who genuinely cares about its customers",392,197,195
"PV",,65.9933%,65.6667%,66.3265%
"MK",," "," "," "
"BL"
"RW","Has malasakit/concern for the community",364,177,187
"PV",,61.2795%,59.0000%,63.6054%
"MK",," "," "," "
"BL"
"RW","Has reliable customer service when needed",394,196,198
"PV",,66.3300%,65.3333%,67.3469%
"MK",," "," "," "
"BL"
"RW","Gives me perks, rewards, and privileges that are relevant to me",332,151,181
"PV",,55.8923%,50.3333%,61.5646%
"MK",," "," "," B"
"BL"
"RW","Opens up opportunities to progress more in life",376,183,193
"PV",,63.2997%,61.0000%,65.6463%
"MK",," "," "," "
"BL"
"RW","Can be used anywhere (widely accepted, online and in-store)",444,228,216
"PV",,74.7475%,76.0000%,73.4694%
"MK",," "," "," "
"BL"
"RW","Has low to no transaction fees",357,179,178
"PV",,60.1010%,59.6667%,60.5442%
"MK",," "," "," "
"BL"
"RW","Has features that can help me assure my future by growing my finances",359,177,182
"PV",,60.4377%,59.0000%,61.9048%
"MK",," "," "," "
"BL"
"RW","Complete and all-in one financial app/solution/website",395,193,202
"PV",,66.4983%,64.3333%,68.7075%
"MK",," "," "," "
"BL"
"RW","Widely and highly recommended e-wallet brand",433,219,214
"PV",,72.8956%,73.0000%,72.7891%
"MK",," "," "," "
"BL"
"RW","Has advertisements I can relate to",371,178,193
"PV",,62.4579%,59.3333%,65.6463%
"MK",," "," "," "
"BL"
"RW","Brand that is trustworthy",409,206,203
"PV",,68.8552%,68.6667%,69.0476%
"MK",," "," "," "
"BL"
"RW","Products and services are easy to avail of and use",428,216,212
"PV",,72.0539%,72.0000%,72.1088%
"MK",," "," "," "
"BL"
"RW","Does not take advantage of my personal and transaction data",362,175,187
"PV",,60.9428%,58.3333%,63.6054%
"MK",," "," "," "
"BL"
"RW","Brand that helps customers to develop their financial skills and understanding",382,191,191
"PV",,64.3098%,63.6667%,64.9660%
"MK",," "," "," "
"BL"
"RW","Brand I can depend on for emergency or additional funds",404,202,202
"PV",,68.0135%,67.3333%,68.7075%
"MK",," "," "," "
"BL"
"RW","Helps me get ready for a better tomorrow",365,183,182
"PV",,61.4478%,61.0000%,61.9048%
"MK",," "," "," "
"BL"
"RW","Gives me hope for the future",362,181,181
"PV",,60.9428%,60.3333%,61.5646%
"MK",," "," "," "
"BL"
"RW","Not Associated",62,30,32
"PV",,10.4377%,10.0000%,10.8844%
"MK",," "," "," "
"BL"
"RW","Total Count",9853,4893,4960
"PV",,1658.7542%,1631.0000%,1687.0748%
"MK",," "," "," "
"TE"
"TB","24"
"VT","Q64. BRAND ASSOCIATION - KEY BRANDS - GrabPay"
"HT","TOTAL"
"BT","AMONG NON-USERS OF FINTECH APPS - AMONG BRAND AWARE - GrabPay"
"CL",,"TOTAL (a)","JAN 2024 (b)","FEB 2024 (c)"
"RT","Total",21,9,12
"PV",,100.0000%,100.0000%,100.0000%
"BL"
"RW","Brand that is safe and secure",1,0,1
"PV",,4.7619%,0.0000%,8.3333%
"MK",," "," "," "
"BL"
"RW","Provides relevant digital products and services",1,0,1
"PV",,4.7619%,0.0000%,8.3333%
"MK",," "," "," "
"BL"
"RW","Can be used whenever needed (any time and any day)",1,0,1
"PV",,4.7619%,0.0000%,8.3333%
"MK",," "," "," "
"BL"
"RW","Brand for me",2,0,2
"PV",,9.5238%,0.0000%,16.6667%
"MK",," "," "," "
"BL"
"RW","Brand who genuinely cares about its customers",3,1,2
"PV",,14.2857%,11.1111%,16.6667%
"MK",," "," "," "
"BL"
"RW","Has malasakit/concern for the community",1,0,1
"PV",,4.7619%,0.0000%,8.3333%
"MK",," "," "," "
"BL"
"RW","Has reliable customer service when needed",1,0,1
"PV",,4.7619%,0.0000%,8.3333%
"MK",," "," "," "
"BL"
"RW","Gives me perks, rewards, and privileges that are relevant to me",1,1,0
"PV",,4.7619%,11.1111%,0.0000%
"MK",," "," "," "
"BL"
"RW","Opens up opportunities to progress more in life",1,0,1
"PV",,4.7619%,0.0000%,8.3333%
"MK",," "," "," "
"BL"
"RW","Can be used anywhere (widely accepted, online and in-store)",1,1,0
"PV",,4.7619%,11.1111%,0.0000%
"MK",," "," "," "
"BL"
"RW","Has low to no transaction fees",2,2,0
"PV",,9.5238%,22.2222%,0.0000%
"MK",," "," "," "
"BL"
"RW","Complete and all-in one financial app/solution/website",2,2,0
"PV",,9.5238%,22.2222%,0.0000%
"MK",," "," "," "
"BL"
"RW","Widely and highly recommended e-wallet brand",2,1,1
"PV",,9.5238%,11.1111%,8.3333%
"MK",," "," "," "
"BL"
"RW","Has advertisements I can relate to",1,0,1
"PV",,4.7619%,0.0000%,8.3333%
"MK",," "," "," "
"BL"
"RW","Brand that is trustworthy",1,0,1
"PV",,4.7619%,0.0000%,8.3333%
"MK",," "," "," "
"BL"
"RW","Products and services are easy to avail of and use",2,0,2
"PV",,9.5238%,0.0000%,16.6667%
"MK",," "," "," "
"BL"
"RW","Does not take advantage of my personal and transaction data",2,0,2
"PV",,9.5238%,0.0000%,16.6667%
"MK",," "," "," "
"BL"
"RW","Brand I can depend on for emergency or additional funds",1,0,1
"PV",,4.7619%,0.0000%,8.3333%
"MK",," "," "," "
"BL"
"RW","Helps me get ready for a better tomorrow",1,0,1
"PV",,4.7619%,0.0000%,8.3333%
"MK",," "," "," "
"BL"
"RW","Gives me hope for the future",1,0,1
"PV",,4.7619%,0.0000%,8.3333%
"MK",," "," "," "
"BL"
"RW","Not Associated",14,6,8
"PV",,66.6667%,66.6667%,66.6667%
"MK",," "," "," "
"BL"
"RW","Total Count",42,14,28
"PV",,200.0000%,155.5556%,233.3333%
"MK",," "," "," "
"TE"
"TB","25"
"VT","Q64. BRAND ASSOCIATION - KEY BRANDS - PayMaya/Maya"
"HT","TOTAL"
"BT","AMONG NON-USERS OF FINTECH APPS - AMONG BRAND AWARE - PayMaya/Maya"
"CL",,"TOTAL (a)","JAN 2024 (b)","FEB 2024 (c)"
"RT","Total",403,203,200
"PV",,100.0000%,100.0000%,100.0000%
"BL"
"RW","Creates new and continuously innovate its products and services",56,31,25
"PV",,13.8958%,15.2709%,12.5000%
"MK",," "," "," "
"BL"
"RW","Brand for everyone (young or old, rich or poor)",75,39,36
"PV",,18.6104%,19.2118%,18.0000%
"MK",," "," "," "
"BL"
"RW","Brand that is safe and secure",57,23,34
"PV",,14.1439%,11.3300%,17.0000%
"MK",," "," "," "
"BL"
"RW","Provides relevant digital products and services",67,37,30
"PV",,16.6253%,18.2266%,15.0000%
"MK",," "," "," "
"BL"
"RW","Can be used whenever needed (any time and any day)",56,32,24
"PV",,13.8958%,15.7635%,12.0000%
"MK",," "," "," "
"BL"
"RW","Makes everyday life easier",51,28,23
"PV",,12.6551%,13.7931%,11.5000%
"MK",," "," "," "
"BL"
"RW","Brand for me",60,30,30
"PV",,14.8883%,14.7783%,15.0000%
"MK",," "," "," "
"BL"
"RW","Brand who genuinely cares about its customers",56,34,22
"PV",,13.8958%,16.7488%,11.0000%
"MK",," "," "," "
"BL"
"RW","Has malasakit/concern for the community",59,35,24
"PV",,14.6402%,17.2414%,12.0000%
"MK",," "," "," "
"BL"
"RW","Has reliable customer service when needed",55,33,22
"PV",,13.6476%,16.2562%,11.0000%
"MK",," "," "," "
"BL"
"RW","Gives me perks, rewards, and privileges that are relevant to me",56,29,27
"PV",,13.8958%,14.2857%,13.5000%
"MK",," "," "," "
"BL"
"RW","Opens up opportunities to progress more in life",60,32,28
"PV",,14.8883%,15.7635%,14.0000%
"MK",," "," "," "
"BL"
"RW","Can be used anywhere (widely accepted, online and in-store)",70,39,31
"PV",,17.3697%,19.2118%,15.5000%
"MK",," "," "," "
"BL"
"RW","Has low to no transaction fees",53,26,27
"PV",,13.1514%,12.8079%,13.5000%
"MK",," "," "," "
"BL"
"RW","Has features that can help me assure my future by growing my finances",63,29,34
"PV",,15.6328%,14.2857%,17.0000%
"MK",," "," "," "
"BL"
"RW","Complete and all-in one financial app/solution/website",76,39,37
"PV",,18.8586%,19.2118%,18.5000%
"MK",," "," "," "
"BL"
"RW","Widely and highly recommended e-wallet brand",58,32,26
"PV",,14.3921%,15.7635%,13.0000%
"MK",," "," "," "
"BL"
"RW","Has advertisements I can relate to",60,30,30
"PV",,14.8883%,14.7783%,15.0000%
"MK",," "," "," "
"BL"
"RW","Brand that is trustworthy",65,32,33
"PV",,16.1290%,15.7635%,16.5000%
"MK",," "," "," "
"BL"
"RW","Products and services are easy to avail of and use",60,33,27
"PV",,14.8883%,16.2562%,13.5000%
"MK",," "," "," "
"BL"
"RW","Does not take advantage of my personal and transaction data",54,29,25
"PV",,13.3995%,14.2857%,12.5000%
"MK",," "," "," "
"BL"
"RW","Brand that helps customers to develop their financial skills and understanding",68,38,30
"PV",,16.8734%,18.7192%,15.0000%
"MK",," "," "," "
"BL"
"RW","Brand I can depend on for emergency or additional funds",45,23,22
"PV",,11.1663%,11.3300%,11.0000%
"MK",," "," "," "
"BL"
"RW","Helps me get ready for a better tomorrow",54,33,21
"PV",,13.3995%,16.2562%,10.5000%
"MK",," "," "," "
"BL"
"RW","Gives me hope for the future",48,26,22
"PV",,11.9107%,12.8079%,11.0000%
"MK",," "," "," "
"BL"
"RW","Not Associated",229,108,121
"PV",,56.8238%,53.2020%,60.5000%
"MK",," "," "," "
"BL"
"RW","Total Count",1711,900,811
"PV",,424.5658%,443.3498%,405.5000%
"MK",," "," "," "
"TE"
"TB","26"
"VT","Q64. BRAND ASSOCIATION - KEY BRANDS - PayPal"
"HT","TOTAL"
"BT","AMONG NON-USERS OF FINTECH APPS - AMONG BRAND AWARE - PayPal"
"CL",,"TOTAL (a)","JAN 2024 (b)","FEB 2024 (c)"
"RT","Total",131,73,58
"PV",,100.0000%,100.0000%,100.0000%
"BL"
"RW","Creates new and continuously innovate its products and services",18,10,8
"PV",,13.7405%,13.6986%,13.7931%
"MK",," "," "," "
"BL"
"RW","Brand for everyone (young or old, rich or poor)",20,13,7
"PV",,15.2672%,17.8082%,12.0690%
"MK",," "," "," "
"BL"
"RW","Brand that is safe and secure",17,11,6
"PV",,12.9771%,15.0685%,10.3448%
"MK",," "," "," "
"BL"
"RW","Provides relevant digital products and services",13,8,5
"PV",,9.9237%,10.9589%,8.6207%
"MK",," "," "," "
"BL"
"RW","Can be used whenever needed (any time and any day)",17,11,6
"PV",,12.9771%,15.0685%,10.3448%
"MK",," "," "," "
"BL"
"RW","Makes everyday life easier",15,11,4
"PV",,11.4504%,15.0685%,6.8966%
"MK",," "," "," "
"BL"
"RW","Brand for me",8,6,2
"PV",,6.1069%,8.2192%,3.4483%
"MK",," "," "," "
"BL"
"RW","Brand who genuinely cares about its customers",14,9,5
"PV",,10.6870%,12.3288%,8.6207%
"MK",," "," "," "
"BL"
"RW","Has malasakit/concern for the community",15,10,5
"PV",,11.4504%,13.6986%,8.6207%
"MK",," "," "," "
"BL"
"RW","Has reliable customer service when needed",12,7,5
"PV",,9.1603%,9.5890%,8.6207%
"MK",," "," "," "
"BL"
"RW","Gives me perks, rewards, and privileges that are relevant to me",13,9,4
"PV",,9.9237%,12.3288%,6.8966%
"MK",," "," "," "
"BL"
"RW","Opens up opportunities to progress more in life",12,7,5
"PV",,9.1603%,9.5890%,8.6207%
"MK",," "," "," "
"BL"
"RW","Can be used anywhere (widely accepted, online and in-store)",14,9,5
"PV",,10.6870%,12.3288%,8.6207%
"MK",," "," "," "
"BL"
"RW","Has low to no transaction fees",12,7,5
"PV",,9.1603%,9.5890%,8.6207%
"MK",," "," "," "
"BL"
"RW","Has features that can help me assure my future by growing my finances",15,8,7
"PV",,11.4504%,10.9589%,12.0690%
"MK",," "," "," "
"BL"
"RW","Complete and all-in one financial app/solution/website",17,11,6
"PV",,12.9771%,15.0685%,10.3448%
"MK",," "," "," "
"BL"
"RW","Widely and highly recommended e-wallet brand",16,11,5
"PV",,12.2137%,15.0685%,8.6207%
"MK",," "," "," "
"BL"
"RW","Has advertisements I can relate to",14,8,6
"PV",,10.6870%,10.9589%,10.3448%
"MK",," "," "," "
"BL"
"RW","Brand that is trustworthy",14,9,5
"PV",,10.6870%,12.3288%,8.6207%
"MK",," "," "," "
"BL"
"RW","Products and services are easy to avail of and use",13,8,5
"PV",,9.9237%,10.9589%,8.6207%
"MK",," "," "," "
"BL"
"RW","Does not take advantage of my personal and transaction data",12,7,5
"PV",,9.1603%,9.5890%,8.6207%
"MK",," "," "," "
"BL"
"RW","Brand that helps customers to develop their financial skills and understanding",15,9,6
"PV",,11.4504%,12.3288%,10.3448%
"MK",," "," "," "
"BL"
"RW","Brand I can depend on for emergency or additional funds",11,5,6
"PV",,8.3969%,6.8493%,10.3448%
"MK",," "," "," "
"BL"
"RW","Helps me get ready for a better tomorrow",14,5,9
"PV",,10.6870%,6.8493%,15.5172%
"MK",," "," "," "
"BL"
"RW","Gives me hope for the future",20,10,10
"PV",,15.2672%,13.6986%,17.2414%
"MK",," "," "," "
"BL"
"RW","Not Associated",81,41,40
"PV",,61.8321%,56.1644%,68.9655%
"MK",," "," "," "
"BL"
"RW","Total Count",442,260,182
"PV",,337.4046%,356.1644%,313.7931%
"MK",," "," "," "
"TE"
"TB","27"
"VT","Q64. BRAND ASSOCIATION - KEY BRANDS - ShopeePay"
"HT","TOTAL"
"BT","AMONG NON-USERS OF FINTECH APPS - AMONG BRAND AWARE - ShopeePay"
"CL",,"TOTAL (a)","JAN 2024 (b)","FEB 2024 (c)"
"RT","Total",208,110,98
"PV",,100.0000%,100.0000%,100.0000%
"BL"
"RW","Creates new and continuously innovate its products and services",28,13,15
"PV",,13.4615%,11.8182%,15.3061%
"MK",," "," "," "
"BL"
"RW","Brand for everyone (young or old, rich or poor)",37,19,18
"PV",,17.7885%,17.2727%,18.3673%
"MK",," "," "," "
"BL"
"RW","Brand that is safe and secure",28,12,16
"PV",,13.4615%,10.9091%,16.3265%
"MK",," "," "," "
"BL"
"RW","Provides relevant digital products and services",28,13,15
"PV",,13.4615%,11.8182%,15.3061%
"MK",," "," "," "
"BL"
"RW","Can be used whenever needed (any time and any day)",21,12,9
"PV",,10.0962%,10.9091%,9.1837%
"MK",," "," "," "
"BL"
"RW","Makes everyday life easier",25,12,13
"PV",,12.0192%,10.9091%,13.2653%
"MK",," "," "," "
"BL"
"RW","Brand for me",30,16,14
"PV",,14.4231%,14.5455%,14.2857%
"MK",," "," "," "
"BL"
"RW","Brand who genuinely cares about its customers",34,17,17
"PV",,16.3462%,15.4545%,17.3469%
"MK",," "," "," "
"BL"
"RW","Has malasakit/concern for the community",27,11,16
"PV",,12.9808%,10.0000%,16.3265%
"MK",," "," "," "
"BL"
"RW","Has reliable customer service when needed",28,12,16
"PV",,13.4615%,10.9091%,16.3265%
"MK",," "," "," "
"BL"
"RW","Gives me perks, rewards, and privileges that are relevant to me",25,11,14
"PV",,12.0192%,10.0000%,14.2857%
"MK",," "," "," "
"BL"
"RW","Opens up opportunities to progress more in life",30,13,17
"PV",,14.4231%,11.8182%,17.3469%
"MK",," "," "," "
"BL"
"RW","Can be used anywhere (widely accepted, online and in-store)",24,10,14
"PV",,11.5385%,9.0909%,14.2857%
"MK",," "," "," "
"BL"
"RW","Has low to no transaction fees",26,12,14
"PV",,12.5000%,10.9091%,14.2857%
"MK",," "," "," "
"BL"
"RW","Has features that can help me assure my future by growing my finances",19,9,10
"PV",,9.1346%,8.1818%,10.2041%
"MK",," "," "," "
"BL"
"RW","Complete and all-in one financial app/solution/website",25,13,12
"PV",,12.0192%,11.8182%,12.2449%
"MK",," "," "," "
"BL"
"RW","Widely and highly recommended e-wallet brand",19,8,11
"PV",,9.1346%,7.2727%,11.2245%
"MK",," "," "," "
"BL"
"RW","Has advertisements I can relate to",31,15,16
"PV",,14.9038%,13.6364%,16.3265%
"MK",," "," "," "
"BL"
"RW","Brand that is trustworthy",35,18,17
"PV",,16.8269%,16.3636%,17.3469%
"MK",," "," "," "
"BL"
"RW","Products and services are easy to avail of and use",31,11,20
"PV",,14.9038%,10.0000%,20.4082%
"MK",," "," "," B"
"BL"
"RW","Does not take advantage of my personal and transaction data",28,13,15
"PV",,13.4615%,11.8182%,15.3061%
"MK",," "," "," "
"BL"
"RW","Brand that helps customers to develop their financial skills and understanding",24,7,17
"PV",,11.5385%,6.3636%,17.3469%
"MK",," "," "," B"
"BL"
"RW","Brand I can depend on for emergency or additional funds",34,19,15
"PV",,16.3462%,17.2727%,15.3061%
"MK",," "," "," "
"BL"
"RW","Helps me get ready for a better tomorrow",28,9,19
"PV",,13.4615%,8.1818%,19.3878%
"MK",," "," "," B"
"BL"
"RW","Gives me hope for the future",33,11,22
"PV",,15.8654%,10.0000%,22.4490%
"MK",," "," "," B"
"BL"
"RW","Not Associated",114,60,54
"PV",,54.8077%,54.5455%,55.1020%
"MK",," "," "," "
"BL"
"RW","Total Count",812,376,436
"PV",,390.3846%,341.8182%,444.8980%
"MK",," "," "," "
"TE"
"EN"
